parent_product_code,included_product_code,quantity,unit,source_document,source_printed_page,source_pdf_page,source_table_or_row,note
KSV 60 S,FLM 8X13 F,2,pcs,KAT_NX_KR 2022.pdf,KR 340,344,KSV 60 S,Included accessories (Zubehor inkl.)
KSV 60 F,FLM 8X13 F,2,pcs,KAT_NX_KR 2022.pdf,KR 340,344,KSV 60 F,Included accessories (Zubehor inkl.)
KSV 60 E3,FLM 8X16 E3,2,pcs,KAT_NX_KR 2022.pdf,KR 340,344,KSV 60 E3,Included accessories (Zubehor inkl.)
KSV 60 E5,SKM 8X16 E5,2,pcs,KAT_NX_KR 2022.pdf,KR 340,344,KSV 60 E5,Included accessories (Zubehor inkl.)
KSV 60/320 S,FLM 8X13 F,4,pcs,KAT_NX_KR 2022.pdf,KR 341,345,KSV 60/320 S,Included accessories (Zubehor inkl.)
KSV 60/320 F,FLM 8X13 F,4,pcs,KAT_NX_KR 2022.pdf,KR 341,345,KSV 60/320 F,Included accessories (Zubehor inkl.)
KSV 60/320 E3,FLM 8X16 E3,4,pcs,KAT_NX_KR 2022.pdf,KR 341,345,KSV 60/320 E3,Included accessories (Zubehor inkl.)
KSV 60/320 E5,SKM 8X16 E5,4,pcs,KAT_NX_KR 2022.pdf,KR 341,345,KSV 60/320 E5,Included accessories (Zubehor inkl.)
KWV 60 S,FLM 8X13 F,4,pcs,KAT_NX_KR 2022.pdf,KR 346,350,KWV 60 S,Included accessories (Zubehor inkl.)
KWV 60 F,FLM 8X13 F,4,pcs,KAT_NX_KR 2022.pdf,KR 346,350,KWV 60 F,Included accessories (Zubehor inkl.)
KWV 60 E3,FLM 8X16 E3,4,pcs,KAT_NX_KR 2022.pdf,KR 346,350,KWV 60 E3,Included accessories (Zubehor inkl.)
KWV 60 E5,SKM 8X16 E5,4,pcs,KAT_NX_KR 2022.pdf,KR 346,350,KWV 60 E5,Included accessories (Zubehor inkl.)
KGV 60 S,FLM 8X13 F,2,pcs,KAT_NX_KR 2022.pdf,KR 346,350,KGV 60 S,Included accessories (Zubehor inkl.)
KGV 60 F,FLM 8X13 F,2,pcs,KAT_NX_KR 2022.pdf,KR 346,350,KGV 60 F,Included accessories (Zubehor inkl.)
KGV 60 E3,FLM 8X16 E3,2,pcs,KAT_NX_KR 2022.pdf,KR 346,350,KGV 60 E3,Included accessories (Zubehor inkl.)
KGV 60 E5,SKM 8X16 E5,2,pcs,KAT_NX_KR 2022.pdf,KR 346,350,KGV 60 E5,Included accessories (Zubehor inkl.)
KGS 60.203,FLM 8X13 F,16,pcs,KAT_NX_KR 2022.pdf,KR 346,350,KGS 60.203,Included accessories (Zubehor inkl.)
KGS 60.303,FLM 8X13 F,16,pcs,KAT_NX_KR 2022.pdf,KR 346,350,KGS 60.303,Included accessories (Zubehor inkl.)
KGS 60.403,FLM 8X13 F,16,pcs,KAT_NX_KR 2022.pdf,KR 346,350,KGS 60.403,Included accessories (Zubehor inkl.)
KGS 60.503,FLM 8X13 F,16,pcs,KAT_NX_KR 2022.pdf,KR 346,350,KGS 60.503,Included accessories (Zubehor inkl.)
KGS 60.603,FLM 8X13 F,16,pcs,KAT_NX_KR 2022.pdf,KR 346,350,KGS 60.603,Included accessories (Zubehor inkl.)
KGS 60.203 F,FLM 8X13 F,16,pcs,KAT_NX_KR 2022.pdf,KR 346,350,KGS 60.203 F,Included accessories (Zubehor inkl.)
KGS 60.303 F,FLM 8X13 F,16,pcs,KAT_NX_KR 2022.pdf,KR 346,350,KGS 60.303 F,Included accessories (Zubehor inkl.)
KGS 60.403 F,FLM 8X13 F,16,pcs,KAT_NX_KR 2022.pdf,KR 346,350,KGS 60.403 F,Included accessories (Zubehor inkl.)
KGS 60.503 F,FLM 8X13 F,16,pcs,KAT_NX_KR 2022.pdf,KR 346,350,KGS 60.503 F,Included accessories (Zubehor inkl.)
KGS 60.603 F,FLM 8X13 F,16,pcs,KAT_NX_KR 2022.pdf,KR 346,350,KGS 60.603 F,Included accessories (Zubehor inkl.)
KLAS 60,KLTB 6 F,1,pcs,KAT_NX_KR 2022.pdf,KR 346,350,KLAS 60,Included cable-ladder fixing
KLAB 200,FK 6X12,2,pcs,KAT_NX_KR 2022.pdf,KR 355,359,KLAB 200,Two bolts are included according to the table
KLAB 200,GSM 306,2,pcs,KAT_NX_KR 2022.pdf,KR 355,359,KLAB 200,Two cage nuts are included according to the table
KLAB 300,FK 6X12,2,pcs,KAT_NX_KR 2022.pdf,KR 355,359,KLAB 300,Two bolts are included according to the table
KLAB 300,GSM 306,2,pcs,KAT_NX_KR 2022.pdf,KR 355,359,KLAB 300,Two cage nuts are included according to the table
KLAB 400,FK 6X12,2,pcs,KAT_NX_KR 2022.pdf,KR 355,359,KLAB 400,Two bolts are included according to the table
KLAB 400,GSM 306,2,pcs,KAT_NX_KR 2022.pdf,KR 355,359,KLAB 400,Two cage nuts are included according to the table
KLAB 500,FK 6X12,2,pcs,KAT_NX_KR 2022.pdf,KR 355,359,KLAB 500,Two bolts are included according to the table
KLAB 500,GSM 306,2,pcs,KAT_NX_KR 2022.pdf,KR 355,359,KLAB 500,Two cage nuts are included according to the table
KLAB 600,FK 6X12,2,pcs,KAT_NX_KR 2022.pdf,KR 355,359,KLAB 600,Two bolts are included according to the table
KLAB 600,GSM 306,2,pcs,KAT_NX_KR 2022.pdf,KR 355,359,KLAB 600,Two cage nuts are included according to the table
KLAB 200 F,FK 6X10 E3,2,pcs,KAT_NX_KR 2022.pdf,KR 355,359,KLAB 200 F,Two bolts are included according to the table
KLAB 200 F,GSM 306 E3,2,pcs,KAT_NX_KR 2022.pdf,KR 355,359,KLAB 200 F,Two cage nuts are included according to the table
KLAB 300 F,FK 6X10 E3,2,pcs,KAT_NX_KR 2022.pdf,KR 355,359,KLAB 300 F,Two bolts are included according to the table
KLAB 300 F,GSM 306 E3,2,pcs,KAT_NX_KR 2022.pdf,KR 355,359,KLAB 300 F,Two cage nuts are included according to the table
KLAB 400 F,FK 6X10 E3,2,pcs,KAT_NX_KR 2022.pdf,KR 355,359,KLAB 400 F,Two bolts are included according to the table
KLAB 400 F,GSM 306 E3,2,pcs,KAT_NX_KR 2022.pdf,KR 355,359,KLAB 400 F,Two cage nuts are included according to the table
KLAB 500 F,FK 6X10 E3,2,pcs,KAT_NX_KR 2022.pdf,KR 355,359,KLAB 500 F,Two bolts are included according to the table
KLAB 500 F,GSM 306 E3,2,pcs,KAT_NX_KR 2022.pdf,KR 355,359,KLAB 500 F,Two cage nuts are included according to the table
KLAB 600 F,FK 6X10 E3,2,pcs,KAT_NX_KR 2022.pdf,KR 355,359,KLAB 600 F,Two bolts are included according to the table
KLAB 600 F,GSM 306 E3,2,pcs,KAT_NX_KR 2022.pdf,KR 355,359,KLAB 600 F,Two cage nuts are included according to the table
KLAB 200 E3,FK 6X10 E3,2,pcs,KAT_NX_KR 2022.pdf,KR 355,359,KLAB 200 E3,Two bolts are included according to the table
KLAB 200 E3,GSM 306 E3,2,pcs,KAT_NX_KR 2022.pdf,KR 355,359,KLAB 200 E3,Two cage nuts are included according to the table
KLAB 300 E3,FK 6X10 E3,2,pcs,KAT_NX_KR 2022.pdf,KR 355,359,KLAB 300 E3,Two bolts are included according to the table
KLAB 300 E3,GSM 306 E3,2,pcs,KAT_NX_KR 2022.pdf,KR 355,359,KLAB 300 E3,Two cage nuts are included according to the table
KLAB 400 E3,FK 6X10 E3,2,pcs,KAT_NX_KR 2022.pdf,KR 355,359,KLAB 400 E3,Two bolts are included according to the table
KLAB 400 E3,GSM 306 E3,2,pcs,KAT_NX_KR 2022.pdf,KR 355,359,KLAB 400 E3,Two cage nuts are included according to the table
KLAB 500 E3,FK 6X10 E3,2,pcs,KAT_NX_KR 2022.pdf,KR 355,359,KLAB 500 E3,Two bolts are included according to the table
KLAB 500 E3,GSM 306 E3,2,pcs,KAT_NX_KR 2022.pdf,KR 355,359,KLAB 500 E3,Two cage nuts are included according to the table
KLAB 600 E3,FK 6X10 E3,2,pcs,KAT_NX_KR 2022.pdf,KR 355,359,KLAB 600 E3,Two bolts are included according to the table
KLAB 600 E3,GSM 306 E3,2,pcs,KAT_NX_KR 2022.pdf,KR 355,359,KLAB 600 E3,Two cage nuts are included according to the table
KLTB 6,FLM 6X16 F,1,pcs,KAT_NX_KR 2022.pdf,KR 355,359,KLTB 6,One fastener is supplied with each fixing
KLTB 6 F,FLM 6X16 F,1,pcs,KAT_NX_KR 2022.pdf,KR 355,359,KLTB 6 F,One fastener is supplied with each fixing
KLTB 6 E3,FLM 6X12 E3,1,pcs,KAT_NX_KR 2022.pdf,KR 355,359,KLTB 6 E3,One fastener is supplied with each fixing
KLTB 6 E5,FLM 6X12 E5,1,pcs,KAT_NX_KR 2022.pdf,KR 355,359,KLTB 6 E5,One fastener is supplied with each fixing
WWU 150/8,FLM 8X16 F,1,pcs,KAT_NX_KR 2022.pdf,KR 355,359,WWU 150/8,Included fastener
WWU 150/8 E3,FLM 8X16 E3,1,pcs,KAT_NX_KR 2022.pdf,KR 355,359,WWU 150/8 E3,Included fastener
WWU 150/8 E5,SKM 8X16 E5,1,pcs,KAT_NX_KR 2022.pdf,KR 355,359,WWU 150/8 E5,Included fastener
WWA 100,FLM 10X25 F,1,pcs,KAT_NX_KR 2022.pdf,KR 356,360,WWA 100,Included fastener
WWA 100 E3,FLM 10X25 E3,1,pcs,KAT_NX_KR 2022.pdf,KR 356,360,WWA 100 E3,Included fastener
WSV 105.390,FLM 8X13 F,4,pcs,KAT_NX_KR 2022.pdf,KR 426,430,WSV 105.390,Included accessories (Zubehor inkl.)
WSV 105.390 F,FLM 8X13 F,4,pcs,KAT_NX_KR 2022.pdf,KR 426,430,WSV 105.390 F,Included accessories (Zubehor inkl.)
WSV 105.390 E3,FLM 8X16 E3,4,pcs,KAT_NX_KR 2022.pdf,KR 426,430,WSV 105.390 E3,Included accessories (Zubehor inkl.)
WSGV 105,FLM 8X13 F,6,pcs,KAT_NX_KR 2022.pdf,KR 426,430,WSGV 105,Included accessories (Zubehor inkl.)
WSGV 105 F,FLM 8X13 F,6,pcs,KAT_NX_KR 2022.pdf,KR 426,430,WSGV 105 F,Included accessories (Zubehor inkl.)
WSGV 105 E3,FLM 8X16 E3,6,pcs,KAT_NX_KR 2022.pdf,KR 426,430,WSGV 105 E3,Included accessories (Zubehor inkl.)
WSWV 105.390,FLM 8X13 F,6,pcs,KAT_NX_KR 2022.pdf,KR 427,431,WSWV 105.390,Included accessories (Zubehor inkl.)
WSWV 105.390 F,FLM 8X13 F,6,pcs,KAT_NX_KR 2022.pdf,KR 427,431,WSWV 105.390 F,Included accessories (Zubehor inkl.)
WSWV 105.390 E3,FLM 8X16 E3,6,pcs,KAT_NX_KR 2022.pdf,KR 427,431,WSWV 105.390 E3,Included accessories (Zubehor inkl.)
WSTAR 105.200,FLM 8X13 F,12,pcs,KAT_NX_KR 2022.pdf,KR 428,432,WSTAR 105.200,Integrated connector fasteners included
WSTAR 105.300,FLM 8X13 F,12,pcs,KAT_NX_KR 2022.pdf,KR 428,432,WSTAR 105.300,Integrated connector fasteners included
WSTAR 105.400,FLM 8X13 F,12,pcs,KAT_NX_KR 2022.pdf,KR 428,432,WSTAR 105.400,Integrated connector fasteners included
WSTAR 105.500,FLM 8X13 F,12,pcs,KAT_NX_KR 2022.pdf,KR 428,432,WSTAR 105.500,Integrated connector fasteners included
WSTAR 105.600,FLM 8X13 F,12,pcs,KAT_NX_KR 2022.pdf,KR 428,432,WSTAR 105.600,Integrated connector fasteners included
WSTAR 105.200 F,FLM 8X13 F,12,pcs,KAT_NX_KR 2022.pdf,KR 428,432,WSTAR 105.200 F,Integrated connector fasteners included
WSTAR 105.300 F,FLM 8X13 F,12,pcs,KAT_NX_KR 2022.pdf,KR 428,432,WSTAR 105.300 F,Integrated connector fasteners included
WSTAR 105.400 F,FLM 8X13 F,12,pcs,KAT_NX_KR 2022.pdf,KR 428,432,WSTAR 105.400 F,Integrated connector fasteners included
WSTAR 105.500 F,FLM 8X13 F,12,pcs,KAT_NX_KR 2022.pdf,KR 428,432,WSTAR 105.500 F,Integrated connector fasteners included
WSTAR 105.600 F,FLM 8X13 F,12,pcs,KAT_NX_KR 2022.pdf,KR 428,432,WSTAR 105.600 F,Integrated connector fasteners included
WSTAR 105.200 E3,FLM 8X16 E3,12,pcs,KAT_NX_KR 2022.pdf,KR 428,432,WSTAR 105.200 E3,Integrated connector fasteners included
WSTAR 105.300 E3,FLM 8X16 E3,12,pcs,KAT_NX_KR 2022.pdf,KR 428,432,WSTAR 105.300 E3,Integrated connector fasteners included
WSTAR 105.400 E3,FLM 8X16 E3,12,pcs,KAT_NX_KR 2022.pdf,KR 428,432,WSTAR 105.400 E3,Integrated connector fasteners included
WSTAR 105.500 E3,FLM 8X16 E3,12,pcs,KAT_NX_KR 2022.pdf,KR 428,432,WSTAR 105.500 E3,Integrated connector fasteners included
WSTAR 105.600 E3,FLM 8X16 E3,12,pcs,KAT_NX_KR 2022.pdf,KR 428,432,WSTAR 105.600 E3,Integrated connector fasteners included
WAER 105,FLM 8X13 F,10,pcs,KAT_NX_KR 2022.pdf,KR 428,432,WAER 105,Included accessories (Zubehor inkl.)
WAER 105 F,FLM 8X13 F,10,pcs,KAT_NX_KR 2022.pdf,KR 428,432,WAER 105 F,Included accessories (Zubehor inkl.)
WAER 105 E3,FLM 8X16 E3,10,pcs,KAT_NX_KR 2022.pdf,KR 428,432,WAER 105 E3,Included accessories (Zubehor inkl.)
WLAB 200,FK 6X12,2,pcs,KAT_NX_KR 2022.pdf,KR 448,452,WLAB 200,Two bolts are included according to the table
WLAB 200,GSM 406,2,pcs,KAT_NX_KR 2022.pdf,KR 448,452,WLAB 200,Two cage nuts are included according to the table
WLAB 300,FK 6X12,2,pcs,KAT_NX_KR 2022.pdf,KR 448,452,WLAB 300,Two bolts are included according to the table
WLAB 300,GSM 406,2,pcs,KAT_NX_KR 2022.pdf,KR 448,452,WLAB 300,Two cage nuts are included according to the table
WLAB 400,FK 6X12,2,pcs,KAT_NX_KR 2022.pdf,KR 448,452,WLAB 400,Two bolts are included according to the table
WLAB 400,GSM 406,2,pcs,KAT_NX_KR 2022.pdf,KR 448,452,WLAB 400,Two cage nuts are included according to the table
WLAB 500,FK 6X12,2,pcs,KAT_NX_KR 2022.pdf,KR 448,452,WLAB 500,Two bolts are included according to the table
WLAB 500,GSM 406,2,pcs,KAT_NX_KR 2022.pdf,KR 448,452,WLAB 500,Two cage nuts are included according to the table
WLAB 600,FK 6X12,2,pcs,KAT_NX_KR 2022.pdf,KR 448,452,WLAB 600,Two bolts are included according to the table
WLAB 600,GSM 406,2,pcs,KAT_NX_KR 2022.pdf,KR 448,452,WLAB 600,Two cage nuts are included according to the table
WLAB 200 F,FK 6X10 E3,2,pcs,KAT_NX_KR 2022.pdf,KR 448,452,WLAB 200 F,Two bolts are included according to the table
WLAB 200 F,GSM 406 E3,2,pcs,KAT_NX_KR 2022.pdf,KR 448,452,WLAB 200 F,Two cage nuts are included according to the table
WLAB 300 F,FK 6X10 E3,2,pcs,KAT_NX_KR 2022.pdf,KR 448,452,WLAB 300 F,Two bolts are included according to the table
WLAB 300 F,GSM 406 E3,2,pcs,KAT_NX_KR 2022.pdf,KR 448,452,WLAB 300 F,Two cage nuts are included according to the table
WLAB 400 F,FK 6X10 E3,2,pcs,KAT_NX_KR 2022.pdf,KR 448,452,WLAB 400 F,Two bolts are included according to the table
WLAB 400 F,GSM 406 E3,2,pcs,KAT_NX_KR 2022.pdf,KR 448,452,WLAB 400 F,Two cage nuts are included according to the table
WLAB 500 F,FK 6X10 E3,2,pcs,KAT_NX_KR 2022.pdf,KR 448,452,WLAB 500 F,Two bolts are included according to the table
WLAB 500 F,GSM 406 E3,2,pcs,KAT_NX_KR 2022.pdf,KR 448,452,WLAB 500 F,Two cage nuts are included according to the table
WLAB 600 F,FK 6X10 E3,2,pcs,KAT_NX_KR 2022.pdf,KR 448,452,WLAB 600 F,Two bolts are included according to the table
WLAB 600 F,GSM 406 E3,2,pcs,KAT_NX_KR 2022.pdf,KR 448,452,WLAB 600 F,Two cage nuts are included according to the table
WLAB 200 E3,FK 6X10 E3,2,pcs,KAT_NX_KR 2022.pdf,KR 448,452,WLAB 200 E3,Two bolts are included according to the table
WLAB 200 E3,GSM 406 E3,2,pcs,KAT_NX_KR 2022.pdf,KR 448,452,WLAB 200 E3,Two cage nuts are included according to the table
WLAB 300 E3,FK 6X10 E3,2,pcs,KAT_NX_KR 2022.pdf,KR 448,452,WLAB 300 E3,Two bolts are included according to the table
WLAB 300 E3,GSM 406 E3,2,pcs,KAT_NX_KR 2022.pdf,KR 448,452,WLAB 300 E3,Two cage nuts are included according to the table
WLAB 400 E3,FK 6X10 E3,2,pcs,KAT_NX_KR 2022.pdf,KR 448,452,WLAB 400 E3,Two bolts are included according to the table
WLAB 400 E3,GSM 406 E3,2,pcs,KAT_NX_KR 2022.pdf,KR 448,452,WLAB 400 E3,Two cage nuts are included according to the table
WLAB 500 E3,FK 6X10 E3,2,pcs,KAT_NX_KR 2022.pdf,KR 448,452,WLAB 500 E3,Two bolts are included according to the table
WLAB 500 E3,GSM 406 E3,2,pcs,KAT_NX_KR 2022.pdf,KR 448,452,WLAB 500 E3,Two cage nuts are included according to the table
WLAB 600 E3,FK 6X10 E3,2,pcs,KAT_NX_KR 2022.pdf,KR 448,452,WLAB 600 E3,Two bolts are included according to the table
WLAB 600 E3,GSM 406 E3,2,pcs,KAT_NX_KR 2022.pdf,KR 448,452,WLAB 600 E3,Two cage nuts are included according to the table
RMP 130,FLM 6X12,2,pcs,KAT_NX_KR 2022.pdf,KR 449,453,RMP 130,Two fasteners included
RMP 130 F,FLM 6X12 F,2,pcs,KAT_NX_KR 2022.pdf,KR 449,453,RMP 130 F,Two fasteners included
RMP 130 E3,FLM 6X12 E3,2,pcs,KAT_NX_KR 2022.pdf,KR 449,453,RMP 130 E3,Two fasteners included
WSTB 2,FLM 8X25 F,1,pcs,KAT_NX_KR 2022.pdf,KR 449,453,WSTB 2,One fastener is supplied with each fixing
WSTB 2 E3,FLDM 8X25 E3,1,pcs,KAT_NX_KR 2022.pdf,KR 449,453,WSTB 2 E3,One fastener is supplied with each fixing
