code,description_en,category,product_family,system,catalog_version,pack_quantity,pack_unit,order_unit,ean,height_mm,width_mm,length_mm,material_code,finish_code,weight_value,weight_unit,weight_basis_quantity,weight_basis_unit,approval_number,dop_number,indoor_only,engineering_verification_required,is_orderable,source_document,source_printed_page,source_pdf_page,source_table_or_row,engineering_note
KL 60.203,"Cable ladder, rung spacing 300 mm, continuously perforated side rails",straightSection,KL,KL,2022-p0,6,m,m,288007,60,200,6000,steel,S,256.72,kg,100,kg_per_100_m,,,false,false,true,KAT_NX_KR 2022.pdf,KR 340,344,KL 60 S width 200,
KL 60.303,"Cable ladder, rung spacing 300 mm, continuously perforated side rails",straightSection,KL,KL,2022-p0,6,m,m,288106,60,300,6000,steel,S,276.45,kg,100,kg_per_100_m,,,false,false,true,KAT_NX_KR 2022.pdf,KR 340,344,KL 60 S width 300,
KL 60.403,"Cable ladder, rung spacing 300 mm, continuously perforated side rails",straightSection,KL,KL,2022-p0,6,m,m,288205,60,400,6000,steel,S,296.18,kg,100,kg_per_100_m,,,false,false,true,KAT_NX_KR 2022.pdf,KR 340,344,KL 60 S width 400,
KL 60.503,"Cable ladder, rung spacing 300 mm, continuously perforated side rails",straightSection,KL,KL,2022-p0,6,m,m,288304,60,500,6000,steel,S,315.9,kg,100,kg_per_100_m,,,false,false,true,KAT_NX_KR 2022.pdf,KR 340,344,KL 60 S width 500,
KL 60.603,"Cable ladder, rung spacing 300 mm, continuously perforated side rails",straightSection,KL,KL,2022-p0,6,m,m,288403,60,600,6000,steel,S,335.63,kg,100,kg_per_100_m,,,false,false,true,KAT_NX_KR 2022.pdf,KR 340,344,KL 60 S width 600,
KL 60.203 F,"Cable ladder, rung spacing 300 mm, continuously perforated side rails",straightSection,KL,KL,2022-p0,6,m,m,569908,60,200,6000,steel,F,283.4,kg,100,kg_per_100_m,,,false,false,true,KAT_NX_KR 2022.pdf,KR 340,344,KL 60 F width 200,
KL 60.303 F,"Cable ladder, rung spacing 300 mm, continuously perforated side rails",straightSection,KL,KL,2022-p0,6,m,m,570003,60,300,6000,steel,F,305.1,kg,100,kg_per_100_m,,,false,false,true,KAT_NX_KR 2022.pdf,KR 340,344,KL 60 F width 300,
KL 60.403 F,"Cable ladder, rung spacing 300 mm, continuously perforated side rails",straightSection,KL,KL,2022-p0,6,m,m,570102,60,400,6000,steel,F,326.8,kg,100,kg_per_100_m,,,false,false,true,KAT_NX_KR 2022.pdf,KR 340,344,KL 60 F width 400,
KL 60.503 F,"Cable ladder, rung spacing 300 mm, continuously perforated side rails",straightSection,KL,KL,2022-p0,6,m,m,570201,60,500,6000,steel,F,348.5,kg,100,kg_per_100_m,,,false,false,true,KAT_NX_KR 2022.pdf,KR 340,344,KL 60 F width 500,
KL 60.603 F,"Cable ladder, rung spacing 300 mm, continuously perforated side rails",straightSection,KL,KL,2022-p0,6,m,m,570300,60,600,6000,steel,F,370.2,kg,100,kg_per_100_m,,,false,false,true,KAT_NX_KR 2022.pdf,KR 340,344,KL 60 F width 600,
KL 60.203 E3,"Cable ladder, rung spacing 300 mm, continuously perforated side rails",straightSection,KL,KL,2022-p0,6,m,m,340705,60,200,6000,stainless_1.4301_1.4303,E3,261.15,kg,100,kg_per_100_m,,,false,false,true,KAT_NX_KR 2022.pdf,KR 340,344,KL 60 E3 width 200,
KL 60.303 E3,"Cable ladder, rung spacing 300 mm, continuously perforated side rails",straightSection,KL,KL,2022-p0,6,m,m,340804,60,300,6000,stainless_1.4301_1.4303,E3,281.01,kg,100,kg_per_100_m,,,false,false,true,KAT_NX_KR 2022.pdf,KR 340,344,KL 60 E3 width 300,
KL 60.403 E3,"Cable ladder, rung spacing 300 mm, continuously perforated side rails",straightSection,KL,KL,2022-p0,6,m,m,340903,60,400,6000,stainless_1.4301_1.4303,E3,300.86,kg,100,kg_per_100_m,,,false,false,true,KAT_NX_KR 2022.pdf,KR 340,344,KL 60 E3 width 400,
KL 60.503 E3,"Cable ladder, rung spacing 300 mm, continuously perforated side rails",straightSection,KL,KL,2022-p0,6,m,m,341009,60,500,6000,stainless_1.4301_1.4303,E3,320.71,kg,100,kg_per_100_m,,,false,false,true,KAT_NX_KR 2022.pdf,KR 340,344,KL 60 E3 width 500,
KL 60.603 E3,"Cable ladder, rung spacing 300 mm, continuously perforated side rails",straightSection,KL,KL,2022-p0,6,m,m,341108,60,600,6000,stainless_1.4301_1.4303,E3,340.57,kg,100,kg_per_100_m,,,false,false,true,KAT_NX_KR 2022.pdf,KR 340,344,KL 60 E3 width 600,
KL 60.203 E5,"Cable ladder, rung spacing 300 mm, continuously perforated side rails",straightSection,KL,KL,2022-p0,6,m,m,730001,60,200,6000,stainless_1.4571,E5,260.98,kg,100,kg_per_100_m,,,false,false,true,KAT_NX_KR 2022.pdf,KR 340,344,KL 60 E5 width 200,
KL 60.303 E5,"Cable ladder, rung spacing 300 mm, continuously perforated side rails",straightSection,KL,KL,2022-p0,6,m,m,730100,60,300,6000,stainless_1.4571,E5,281.04,kg,100,kg_per_100_m,,,false,false,true,KAT_NX_KR 2022.pdf,KR 340,344,KL 60 E5 width 300,
KL 60.403 E5,"Cable ladder, rung spacing 300 mm, continuously perforated side rails",straightSection,KL,KL,2022-p0,6,m,m,730209,60,400,6000,stainless_1.4571,E5,301.09,kg,100,kg_per_100_m,,,false,false,true,KAT_NX_KR 2022.pdf,KR 340,344,KL 60 E5 width 400,
KL 60.503 E5,"Cable ladder, rung spacing 300 mm, continuously perforated side rails",straightSection,KL,KL,2022-p0,6,m,m,730223,60,500,6000,stainless_1.4571,E5,321.14,kg,100,kg_per_100_m,,,false,false,true,KAT_NX_KR 2022.pdf,KR 340,344,KL 60 E5 width 500,
KL 60.603 E5,"Cable ladder, rung spacing 300 mm, continuously perforated side rails",straightSection,KL,KL,2022-p0,6,m,m,730247,60,600,6000,stainless_1.4571,E5,341.2,kg,100,kg_per_100_m,,,false,false,true,KAT_NX_KR 2022.pdf,KR 340,344,KL 60 E5 width 600,
WSL 105.200,"Wide-span cable ladder, rung spacing 300 mm, 16 mm profile slot",straightSection,WSL,WSL,2022-p0,6,m,m,300600,105,200,6000,steel,S,546.14,kg,100,kg_per_100_m,,,false,false,true,KAT_NX_KR 2022.pdf,KR 426,430,WSL 105 S width 200,
WSL 105.300,"Wide-span cable ladder, rung spacing 300 mm, 16 mm profile slot",straightSection,WSL,WSL,2022-p0,6,m,m,300709,105,300,6000,steel,S,573.36,kg,100,kg_per_100_m,,,false,false,true,KAT_NX_KR 2022.pdf,KR 426,430,WSL 105 S width 300,
WSL 105.400,"Wide-span cable ladder, rung spacing 300 mm, 16 mm profile slot",straightSection,WSL,WSL,2022-p0,6,m,m,300808,105,400,6000,steel,S,600.58,kg,100,kg_per_100_m,,,false,false,true,KAT_NX_KR 2022.pdf,KR 426,430,WSL 105 S width 400,
WSL 105.500,"Wide-span cable ladder, rung spacing 300 mm, 16 mm profile slot",straightSection,WSL,WSL,2022-p0,6,m,m,300907,105,500,6000,steel,S,626.04,kg,100,kg_per_100_m,,,false,false,true,KAT_NX_KR 2022.pdf,KR 426,430,WSL 105 S width 500,
WSL 105.600,"Wide-span cable ladder, rung spacing 300 mm, 16 mm profile slot",straightSection,WSL,WSL,2022-p0,6,m,m,301003,105,600,6000,steel,S,653.26,kg,100,kg_per_100_m,,,false,false,true,KAT_NX_KR 2022.pdf,KR 426,430,WSL 105 S width 600,
WSL 105.200 F,"Wide-span cable ladder, rung spacing 300 mm, 16 mm profile slot",straightSection,WSL,WSL,2022-p0,6,m,m,577606,105,200,6000,steel,F,601.32,kg,100,kg_per_100_m,,,false,false,true,KAT_NX_KR 2022.pdf,KR 426,430,WSL 105 F width 200,
WSL 105.300 F,"Wide-span cable ladder, rung spacing 300 mm, 16 mm profile slot",straightSection,WSL,WSL,2022-p0,6,m,m,577705,105,300,6000,steel,F,631.26,kg,100,kg_per_100_m,,,false,false,true,KAT_NX_KR 2022.pdf,KR 426,430,WSL 105 F width 300,
WSL 105.400 F,"Wide-span cable ladder, rung spacing 300 mm, 16 mm profile slot",straightSection,WSL,WSL,2022-p0,6,m,m,577804,105,400,6000,steel,F,661.2,kg,100,kg_per_100_m,,,false,false,true,KAT_NX_KR 2022.pdf,KR 426,430,WSL 105 F width 400,
WSL 105.500 F,"Wide-span cable ladder, rung spacing 300 mm, 16 mm profile slot",straightSection,WSL,WSL,2022-p0,6,m,m,577903,105,500,6000,steel,F,689.21,kg,100,kg_per_100_m,,,false,false,true,KAT_NX_KR 2022.pdf,KR 426,430,WSL 105 F width 500,
WSL 105.600 F,"Wide-span cable ladder, rung spacing 300 mm, 16 mm profile slot",straightSection,WSL,WSL,2022-p0,6,m,m,578009,105,600,6000,steel,F,719.15,kg,100,kg_per_100_m,,,false,false,true,KAT_NX_KR 2022.pdf,KR 426,430,WSL 105 F width 600,
WSL 105.200 E3,"Wide-span cable ladder, rung spacing 300 mm, 16 mm profile slot",straightSection,WSL,WSL,2022-p0,6,m,m,726509,105,200,6000,stainless_1.4301_1.4303,E3,549.63,kg,100,kg_per_100_m,,,false,false,true,KAT_NX_KR 2022.pdf,KR 426,430,WSL 105 E3 width 200,
WSL 105.300 E3,"Wide-span cable ladder, rung spacing 300 mm, 16 mm profile slot",straightSection,WSL,WSL,2022-p0,6,m,m,726523,105,300,6000,stainless_1.4301_1.4303,E3,577.02,kg,100,kg_per_100_m,,,false,false,true,KAT_NX_KR 2022.pdf,KR 426,430,WSL 105 E3 width 300,
WSL 105.400 E3,"Wide-span cable ladder, rung spacing 300 mm, 16 mm profile slot",straightSection,WSL,WSL,2022-p0,6,m,m,726547,105,400,6000,stainless_1.4301_1.4303,E3,604.41,kg,100,kg_per_100_m,,,false,false,true,KAT_NX_KR 2022.pdf,KR 426,430,WSL 105 E3 width 400,
WSL 105.500 E3,"Wide-span cable ladder, rung spacing 300 mm, 16 mm profile slot",straightSection,WSL,WSL,2022-p0,6,m,m,726561,105,500,6000,stainless_1.4301_1.4303,E3,630.04,kg,100,kg_per_100_m,,,false,false,true,KAT_NX_KR 2022.pdf,KR 426,430,WSL 105 E3 width 500,
WSL 105.600 E3,"Wide-span cable ladder, rung spacing 300 mm, 16 mm profile slot",straightSection,WSL,WSL,2022-p0,6,m,m,726585,105,600,6000,stainless_1.4301_1.4303,E3,657.43,kg,100,kg_per_100_m,,,false,false,true,KAT_NX_KR 2022.pdf,KR 426,430,WSL 105 E3 width 600,
DAM 6X5,Expansion anchor with flange nut and metric connecting thread,anchor,DAM,concrete,2022-p0,50,pcs,pcs,,,,,steel,V,1.38,kg,100,kg_per_100_pcs,ETA-18/0541,NI 001,false,true,true,1.-Electrical-installation-materials.pdf,156,19,DAM 6X5,"Suitability must be verified against the applicable ETA, substrate condition, edge distances, loads, and installation instructions."
DAM 6X10,Expansion anchor with flange nut and metric connecting thread,anchor,DAM,concrete,2022-p0,50,pcs,pcs,,,,,steel,V,1.3,kg,100,kg_per_100_pcs,ETA-18/0541,NI 001,false,true,true,1.-Electrical-installation-materials.pdf,156,19,DAM 6X10,"Suitability must be verified against the applicable ETA, substrate condition, edge distances, loads, and installation instructions."
DAZ 8X10,Expansion anchor with nut and washer,anchor,DAZ,concrete,2022-p0,50,pcs,pcs,,,,,steel,V,3.16,kg,100,kg_per_100_pcs,ETA-18/0542,NI 002,false,true,true,1.-Electrical-installation-materials.pdf,156,19,DAZ 8X10,"Suitability must be verified against the applicable ETA, substrate condition, edge distances, loads, and installation instructions."
DAZ 10X10,Expansion anchor with nut and washer,anchor,DAZ,concrete,2022-p0,50,pcs,pcs,,,,,steel,V,6.33,kg,100,kg_per_100_pcs,ETA-18/0542,NI 002,false,true,true,1.-Electrical-installation-materials.pdf,156,19,DAZ 10X10,"Suitability must be verified against the applicable ETA, substrate condition, edge distances, loads, and installation instructions."
DAZ 12X10,Expansion anchor with nut and washer,anchor,DAZ,concrete,2022-p0,20,pcs,pcs,,,,,steel,V,10.27,kg,100,kg_per_100_pcs,ETA-18/0542,NI 002,false,true,true,1.-Electrical-installation-materials.pdf,156,19,DAZ 12X10,"Suitability must be verified against the applicable ETA, substrate condition, edge distances, loads, and installation instructions."
DAZ 10X30,Expansion anchor with nut and washer,anchor,DAZ,concrete,2022-p0,25,pcs,pcs,,,,,steel,V,7.32,kg,100,kg_per_100_pcs,ETA-18/0542,NI 002,false,true,true,1.-Electrical-installation-materials.pdf,156,19,DAZ 10X30,"Suitability must be verified against the applicable ETA, substrate condition, edge distances, loads, and installation instructions."
DAZ 16X25,Expansion anchor with nut and washer,anchor,DAZ,concrete,2022-p0,10,pcs,pcs,,,,,steel,V,23.78,kg,100,kg_per_100_pcs,ETA-18/0542,NI 002,false,true,true,1.-Electrical-installation-materials.pdf,156,19,DAZ 16X25,"Suitability must be verified against the applicable ETA, substrate condition, edge distances, loads, and installation instructions."
NSA 6X35/FKK-T30 V,Concrete screw anchor,anchor,NSA,concrete,2022-p0,100,pcs,pcs,,,,,steel,V,0.91,kg,100,kg_per_100_pcs,ETA 15/0784,,true,true,true,1.-Electrical-installation-materials.pdf,157,20,NSA 6X35/FKK-T30 V,"Suitability must be verified against the applicable ETA, substrate condition, edge distances, loads, and installation instructions."
NSA 6X50/FKK-T30 V,Concrete screw anchor,anchor,NSA,concrete,2022-p0,100,pcs,pcs,,,,,steel,V,1.02,kg,100,kg_per_100_pcs,ETA 15/0784,,true,true,true,1.-Electrical-installation-materials.pdf,157,20,NSA 6X50/FKK-T30 V,"Suitability must be verified against the applicable ETA, substrate condition, edge distances, loads, and installation instructions."
NSA 6X55/SW10-M6 V,Concrete screw anchor,anchor,NSA,concrete,2022-p0,100,pcs,pcs,,,,,steel,V,1.12,kg,100,kg_per_100_pcs,ETA 15/0784,,true,true,true,1.-Electrical-installation-materials.pdf,157,20,NSA 6X55/SW10-M6 V,"Suitability must be verified against the applicable ETA, substrate condition, edge distances, loads, and installation instructions."
NSA 7.5X40/FKG-T30 V,Concrete screw anchor,anchor,NSA,concrete,2022-p0,100,pcs,pcs,,,,,steel,V,1.38,kg,100,kg_per_100_pcs,ETA 15/0784,,true,true,true,1.-Electrical-installation-materials.pdf,157,20,NSA 7.5X40/FKG-T30 V,"Suitability must be verified against the applicable ETA, substrate condition, edge distances, loads, and installation instructions."
NSA 7.5X50/FKG-T30 V,Concrete screw anchor,anchor,NSA,concrete,2022-p0,100,pcs,pcs,,,,,steel,V,1.62,kg,100,kg_per_100_pcs,ETA 15/0784,,true,true,true,1.-Electrical-installation-materials.pdf,157,20,NSA 7.5X50/FKG-T30 V,"Suitability must be verified against the applicable ETA, substrate condition, edge distances, loads, and installation instructions."
FLM 6X12,Catalog fastener or fixing component,accessory,FLM,shared,2022-p0,10,pcs,pcs,,,,,steel,V,,,,,,,false,false,true,KAT_NX_KR 2022.pdf,KR 130,134,FLM 6X12,
FLM 6X12 F,Catalog fastener or fixing component,accessory,FLM,shared,2022-p0,50,pcs,pcs,,,,,steel,F,,,,,,,false,false,true,KAT_NX_KR 2022.pdf,KR 130,134,FLM 6X12 F,
FLM 6X16 F,Catalog fastener or fixing component,accessory,FLM,shared,2022-p0,10,pcs,pcs,,,,,steel,F,,,,,,,false,false,true,KAT_NX_KR 2022.pdf,KR 130,134,FLM 6X16 F,
FLM 8X13 F,Catalog fastener or fixing component,accessory,FLM,shared,2022-p0,10,pcs,pcs,,,,,steel,F,,,,,,,false,false,true,KAT_NX_KR 2022.pdf,KR 130,134,FLM 8X13 F,
FLM 8X16 F,Catalog fastener or fixing component,accessory,FLM,shared,2022-p0,50,pcs,pcs,,,,,steel,F,,,,,,,false,false,true,KAT_NX_KR 2022.pdf,KR 130,134,FLM 8X16 F,
FLM 8X16 E3,Catalog fastener or fixing component,accessory,FLM,shared,2022-p0,50,pcs,pcs,,,,,stainless_1.4301_1.4303,E3,,,,,,,false,false,true,KAT_NX_KR 2022.pdf,KR 130,134,FLM 8X16 E3,
FLM 8X25 F,Catalog fastener or fixing component,accessory,FLM,shared,2022-p0,50,pcs,pcs,,,,,steel,F,,,,,,,false,false,true,KAT_NX_KR 2022.pdf,KR 130,134,FLM 8X25 F,
FLM 10X25 F,Catalog fastener or fixing component,accessory,FLM,shared,2022-p0,50,pcs,pcs,,,,,steel,F,,,,,,,false,false,true,KAT_NX_KR 2022.pdf,KR 130,134,FLM 10X25 F,
FLM 10X25 E3,Catalog fastener or fixing component,accessory,FLM,shared,2022-p0,50,pcs,pcs,,,,,stainless_1.4301_1.4303,E3,,,,,,,false,false,true,KAT_NX_KR 2022.pdf,KR 130,134,FLM 10X25 E3,
FLM 6X12 E3,Catalog fastener or fixing component,accessory,FLM,shared,2022-p0,50,pcs,pcs,,,,,stainless_1.4301_1.4303,E3,,,,,,,false,false,true,KAT_NX_KR 2022.pdf,KR 130,134,FLM 6X12 E3,
FLM 6X12 E5,Catalog fastener or fixing component,accessory,FLM,shared,2022-p0,50,pcs,pcs,,,,,stainless_1.4571,E5,,,,,,,false,false,true,KAT_NX_KR 2022.pdf,KR 130,134,FLM 6X12 E5,
SKM 8X16 E5,Catalog fastener or fixing component,accessory,SKM,shared,2022-p0,50,pcs,pcs,,,,,stainless_1.4571,E5,,,,,,,false,false,true,KAT_NX_KR 2022.pdf,KR 130,134,SKM 8X16 E5,
FK 6X12,Catalog fastener or fixing component,accessory,FK,shared,2022-p0,25,pcs,pcs,,,,,steel,V,,,,,,,false,false,true,KAT_NX_KR 2022.pdf,KR 133,137,FK 6X12,
GSM 406,Catalog fastener or fixing component,accessory,GSM,shared,2022-p0,50,pcs,pcs,,,,,steel,G,,,,,,,false,false,true,KAT_NX_KR 2022.pdf,KR 116,120,GSM 406,
GSM 406 E3,Catalog fastener or fixing component,accessory,GSM,shared,2022-p0,50,pcs,pcs,,,,,stainless_1.4301_1.4303,E3,,,,,,,false,false,true,KAT_NX_KR 2022.pdf,KR 116,120,GSM 406 E3,
GSF 0406,Catalog fastener or fixing component,accessory,GSF,shared,2022-p0,25,pcs,pcs,,,,,steel,G,,,,,,,false,false,true,KAT_NX_KR 2022.pdf,KR 448,452,GSF 0406,
Z M6X10,Catalog fastener or fixing component,accessory,Z,shared,2022-p0,100,pcs,pcs,,,,,steel,V,,,,,,,false,false,true,KAT_NX_KR 2022.pdf,KR 448,452,Z M6X10,
FLDM 8X25 E3,Included-only catalog fastener component,accessory,FLDM,shared,2022-p0,,,pcs,,,,,steel,E3,,,,,,,false,false,false,KAT_NX_KR 2022.pdf,KR 449,453,Included-accessory statement for FLDM 8X25 E3,
FK 6X10 E3,Included-only catalog fastener component,accessory,FK,shared,2022-p0,,,pcs,,,,,steel,E3,,,,,,,false,false,false,KAT_NX_KR 2022.pdf,KR 355,359,Included-accessory statement for FK 6X10 E3,
GSM 306,Included-only catalog fastener component,accessory,GSM,shared,2022-p0,,,pcs,,,,,steel,catalog-stated,,,,,,,false,false,false,KAT_NX_KR 2022.pdf,KR 355,359,Included-accessory statement for GSM 306,
GSM 306 E3,Included-only catalog fastener component,accessory,GSM,shared,2022-p0,,,pcs,,,,,steel,E3,,,,,,,false,false,false,KAT_NX_KR 2022.pdf,KR 355,359,Included-accessory statement for GSM 306 E3,
FL 6X12-S V,Included-only catalog fastener component,accessory,FL,shared,2022-p0,,,pcs,,,,,steel,V,,,,,,,false,false,false,KAT_NX_KR 2022.pdf,KR 450,454,Included-accessory statement for FL 6X12-S V,
FL 6X12-S E3,Included-only catalog fastener component,accessory,FL,shared,2022-p0,,,pcs,,,,,steel,E3,,,,,,,false,false,false,KAT_NX_KR 2022.pdf,KR 450,454,Included-accessory statement for FL 6X12-S E3,
SMS 6 V,Included-only catalog fastener component,accessory,SMS,shared,2022-p0,,,pcs,,,,,steel,V,,,,,,,false,false,false,KAT_NX_KR 2022.pdf,KR 450,454,Included-accessory statement for SMS 6 V,
SMS 6 E3,Included-only catalog fastener component,accessory,SMS,shared,2022-p0,,,pcs,,,,,steel,E3,,,,,,,false,false,false,KAT_NX_KR 2022.pdf,KR 450,454,Included-accessory statement for SMS 6 E3,
US M8 E3,Included-only catalog fastener component,accessory,US,shared,2022-p0,,,pcs,,,,,steel,E3,,,,,,,false,false,false,KAT_NX_KR 2022.pdf,KR 450,454,Included-accessory statement for US M8 E3,
KSV 60 S,Straight-joint connector,accessory,KSV,KL,2022-p0,20,pcs,pcs,,60,,,steel,S,,,,,,,false,false,true,KAT_NX_KR 2022.pdf,KR 340,344,KSV 60 S,
KSV 60 F,Straight-joint connector,accessory,KSV,KL,2022-p0,20,pcs,pcs,,60,,,steel,F,,,,,,,false,false,true,KAT_NX_KR 2022.pdf,KR 340,344,KSV 60 F,
KSV 60 E3,Straight-joint connector,accessory,KSV,KL,2022-p0,20,pcs,pcs,,60,,,stainless_1.4301_1.4303,E3,,,,,,,false,false,true,KAT_NX_KR 2022.pdf,KR 340,344,KSV 60 E3,
KSV 60 E5,Straight-joint connector,accessory,KSV,KL,2022-p0,20,pcs,pcs,,60,,,stainless_1.4571,E5,,,,,,,false,false,true,KAT_NX_KR 2022.pdf,KR 340,344,KSV 60 E5,
KSV 60/320 S,Long straight-joint connector,accessory,KSV,KL,2022-p0,20,pcs,pcs,,60,,,steel,S,,,,,,,false,false,true,KAT_NX_KR 2022.pdf,KR 341,345,KSV 60/320 S,
KSV 60/320 F,Long straight-joint connector,accessory,KSV,KL,2022-p0,20,pcs,pcs,,60,,,steel,F,,,,,,,false,false,true,KAT_NX_KR 2022.pdf,KR 341,345,KSV 60/320 F,
KSV 60/320 E3,Long straight-joint connector,accessory,KSV,KL,2022-p0,20,pcs,pcs,,60,,,stainless_1.4301_1.4303,E3,,,,,,,false,false,true,KAT_NX_KR 2022.pdf,KR 341,345,KSV 60/320 E3,
KSV 60/320 E5,Long straight-joint connector,accessory,KSV,KL,2022-p0,20,pcs,pcs,,60,,,stainless_1.4571,E5,,,,,,,false,false,true,KAT_NX_KR 2022.pdf,KR 341,345,KSV 60/320 E5,
KLTA 60.203,Attachable T-piece,fitting,KLTA,KL,2022-p0,1,pcs,pcs,,60,200,,steel,S,,,,,,,false,false,true,KAT_NX_KR 2022.pdf,KR 342,346,KLTA 60.203,
KLTA 60.303,Attachable T-piece,fitting,KLTA,KL,2022-p0,1,pcs,pcs,,60,300,,steel,S,,,,,,,false,false,true,KAT_NX_KR 2022.pdf,KR 342,346,KLTA 60.303,
KLTA 60.403,Attachable T-piece,fitting,KLTA,KL,2022-p0,1,pcs,pcs,,60,400,,steel,S,,,,,,,false,false,true,KAT_NX_KR 2022.pdf,KR 342,346,KLTA 60.403,
KLTA 60.503,Attachable T-piece,fitting,KLTA,KL,2022-p0,1,pcs,pcs,,60,500,,steel,S,,,,,,,false,false,true,KAT_NX_KR 2022.pdf,KR 342,346,KLTA 60.503,
KLTA 60.603,Attachable T-piece,fitting,KLTA,KL,2022-p0,1,pcs,pcs,,60,600,,steel,S,,,,,,,false,false,true,KAT_NX_KR 2022.pdf,KR 342,346,KLTA 60.603,
KLTA 60.203 F,Attachable T-piece,fitting,KLTA,KL,2022-p0,1,pcs,pcs,,60,200,,steel,F,,,,,,,false,false,true,KAT_NX_KR 2022.pdf,KR 342,346,KLTA 60.203 F,
KLTA 60.303 F,Attachable T-piece,fitting,KLTA,KL,2022-p0,1,pcs,pcs,,60,300,,steel,F,,,,,,,false,false,true,KAT_NX_KR 2022.pdf,KR 342,346,KLTA 60.303 F,
KLTA 60.403 F,Attachable T-piece,fitting,KLTA,KL,2022-p0,1,pcs,pcs,,60,400,,steel,F,,,,,,,false,false,true,KAT_NX_KR 2022.pdf,KR 342,346,KLTA 60.403 F,
KLTA 60.503 F,Attachable T-piece,fitting,KLTA,KL,2022-p0,1,pcs,pcs,,60,500,,steel,F,,,,,,,false,false,true,KAT_NX_KR 2022.pdf,KR 342,346,KLTA 60.503 F,
KLTA 60.603 F,Attachable T-piece,fitting,KLTA,KL,2022-p0,1,pcs,pcs,,60,600,,steel,F,,,,,,,false,false,true,KAT_NX_KR 2022.pdf,KR 342,346,KLTA 60.603 F,
KLAR 60.203,Right-hand T-outlet,fitting,KLAR,KL,2022-p0,1,pcs,pcs,,60,200,,steel,S,,,,,,,false,false,true,KAT_NX_KR 2022.pdf,KR 343,347,KLAR 60.203,
KLAR 60.303,Right-hand T-outlet,fitting,KLAR,KL,2022-p0,1,pcs,pcs,,60,300,,steel,S,,,,,,,false,false,true,KAT_NX_KR 2022.pdf,KR 343,347,KLAR 60.303,
KLAR 60.403,Right-hand T-outlet,fitting,KLAR,KL,2022-p0,1,pcs,pcs,,60,400,,steel,S,,,,,,,false,false,true,KAT_NX_KR 2022.pdf,KR 343,347,KLAR 60.403,
KLAR 60.503,Right-hand T-outlet,fitting,KLAR,KL,2022-p0,1,pcs,pcs,,60,500,,steel,S,,,,,,,false,false,true,KAT_NX_KR 2022.pdf,KR 343,347,KLAR 60.503,
KLAR 60.603,Right-hand T-outlet,fitting,KLAR,KL,2022-p0,1,pcs,pcs,,60,600,,steel,S,,,,,,,false,false,true,KAT_NX_KR 2022.pdf,KR 343,347,KLAR 60.603,
KLAR 60.203 F,Right-hand T-outlet,fitting,KLAR,KL,2022-p0,1,pcs,pcs,,60,200,,steel,F,,,,,,,false,false,true,KAT_NX_KR 2022.pdf,KR 343,347,KLAR 60.203 F,
KLAR 60.303 F,Right-hand T-outlet,fitting,KLAR,KL,2022-p0,1,pcs,pcs,,60,300,,steel,F,,,,,,,false,false,true,KAT_NX_KR 2022.pdf,KR 343,347,KLAR 60.303 F,
KLAR 60.403 F,Right-hand T-outlet,fitting,KLAR,KL,2022-p0,1,pcs,pcs,,60,400,,steel,F,,,,,,,false,false,true,KAT_NX_KR 2022.pdf,KR 343,347,KLAR 60.403 F,
KLAR 60.503 F,Right-hand T-outlet,fitting,KLAR,KL,2022-p0,1,pcs,pcs,,60,500,,steel,F,,,,,,,false,false,true,KAT_NX_KR 2022.pdf,KR 343,347,KLAR 60.503 F,
KLAR 60.603 F,Right-hand T-outlet,fitting,KLAR,KL,2022-p0,1,pcs,pcs,,60,600,,steel,F,,,,,,,false,false,true,KAT_NX_KR 2022.pdf,KR 343,347,KLAR 60.603 F,
KLAL 60.203,Left-hand T-outlet,fitting,KLAL,KL,2022-p0,1,pcs,pcs,,60,200,,steel,S,,,,,,,false,false,true,KAT_NX_KR 2022.pdf,KR 343,347,KLAL 60.203,
KLAL 60.303,Left-hand T-outlet,fitting,KLAL,KL,2022-p0,1,pcs,pcs,,60,300,,steel,S,,,,,,,false,false,true,KAT_NX_KR 2022.pdf,KR 343,347,KLAL 60.303,
KLAL 60.403,Left-hand T-outlet,fitting,KLAL,KL,2022-p0,1,pcs,pcs,,60,400,,steel,S,,,,,,,false,false,true,KAT_NX_KR 2022.pdf,KR 343,347,KLAL 60.403,
KLAL 60.503,Left-hand T-outlet,fitting,KLAL,KL,2022-p0,1,pcs,pcs,,60,500,,steel,S,,,,,,,false,false,true,KAT_NX_KR 2022.pdf,KR 343,347,KLAL 60.503,
KLAL 60.603,Left-hand T-outlet,fitting,KLAL,KL,2022-p0,1,pcs,pcs,,60,600,,steel,S,,,,,,,false,false,true,KAT_NX_KR 2022.pdf,KR 343,347,KLAL 60.603,
KLAL 60.203 F,Left-hand T-outlet,fitting,KLAL,KL,2022-p0,1,pcs,pcs,,60,200,,steel,F,,,,,,,false,false,true,KAT_NX_KR 2022.pdf,KR 343,347,KLAL 60.203 F,
KLAL 60.303 F,Left-hand T-outlet,fitting,KLAL,KL,2022-p0,1,pcs,pcs,,60,300,,steel,F,,,,,,,false,false,true,KAT_NX_KR 2022.pdf,KR 343,347,KLAL 60.303 F,
KLAL 60.403 F,Left-hand T-outlet,fitting,KLAL,KL,2022-p0,1,pcs,pcs,,60,400,,steel,F,,,,,,,false,false,true,KAT_NX_KR 2022.pdf,KR 343,347,KLAL 60.403 F,
KLAL 60.503 F,Left-hand T-outlet,fitting,KLAL,KL,2022-p0,1,pcs,pcs,,60,500,,steel,F,,,,,,,false,false,true,KAT_NX_KR 2022.pdf,KR 343,347,KLAL 60.503 F,
KLAL 60.603 F,Left-hand T-outlet,fitting,KLAL,KL,2022-p0,1,pcs,pcs,,60,600,,steel,F,,,,,,,false,false,true,KAT_NX_KR 2022.pdf,KR 343,347,KLAL 60.603 F,
KLE 60.203,Corner piece,fitting,KLE,KL,2022-p0,1,pcs,pcs,,60,200,,steel,S,,,,,,,false,false,true,KAT_NX_KR 2022.pdf,KR 343,347,KLE 60.203,
KLE 60.303,Corner piece,fitting,KLE,KL,2022-p0,1,pcs,pcs,,60,300,,steel,S,,,,,,,false,false,true,KAT_NX_KR 2022.pdf,KR 343,347,KLE 60.303,
KLE 60.403,Corner piece,fitting,KLE,KL,2022-p0,1,pcs,pcs,,60,400,,steel,S,,,,,,,false,false,true,KAT_NX_KR 2022.pdf,KR 343,347,KLE 60.403,
KLE 60.503,Corner piece,fitting,KLE,KL,2022-p0,1,pcs,pcs,,60,500,,steel,S,,,,,,,false,false,true,KAT_NX_KR 2022.pdf,KR 343,347,KLE 60.503,
KLE 60.603,Corner piece,fitting,KLE,KL,2022-p0,1,pcs,pcs,,60,600,,steel,S,,,,,,,false,false,true,KAT_NX_KR 2022.pdf,KR 343,347,KLE 60.603,
KLE 60.203 F,Corner piece,fitting,KLE,KL,2022-p0,1,pcs,pcs,,60,200,,steel,F,,,,,,,false,false,true,KAT_NX_KR 2022.pdf,KR 343,347,KLE 60.203 F,
KLE 60.303 F,Corner piece,fitting,KLE,KL,2022-p0,1,pcs,pcs,,60,300,,steel,F,,,,,,,false,false,true,KAT_NX_KR 2022.pdf,KR 343,347,KLE 60.303 F,
KLE 60.403 F,Corner piece,fitting,KLE,KL,2022-p0,1,pcs,pcs,,60,400,,steel,F,,,,,,,false,false,true,KAT_NX_KR 2022.pdf,KR 343,347,KLE 60.403 F,
KLE 60.503 F,Corner piece,fitting,KLE,KL,2022-p0,1,pcs,pcs,,60,500,,steel,F,,,,,,,false,false,true,KAT_NX_KR 2022.pdf,KR 343,347,KLE 60.503 F,
KLE 60.603 F,Corner piece,fitting,KLE,KL,2022-p0,1,pcs,pcs,,60,600,,steel,F,,,,,,,false,false,true,KAT_NX_KR 2022.pdf,KR 343,347,KLE 60.603 F,
KLE 60.203 E5,Corner piece,fitting,KLE,KL,2022-p0,1,pcs,pcs,,60,200,,stainless_1.4571,E5,,,,,,,false,false,true,KAT_NX_KR 2022.pdf,KR 343,347,KLE 60.203 E5,
KLE 60.303 E5,Corner piece,fitting,KLE,KL,2022-p0,1,pcs,pcs,,60,300,,stainless_1.4571,E5,,,,,,,false,false,true,KAT_NX_KR 2022.pdf,KR 343,347,KLE 60.303 E5,
KLE 60.403 E5,Corner piece,fitting,KLE,KL,2022-p0,1,pcs,pcs,,60,400,,stainless_1.4571,E5,,,,,,,false,false,true,KAT_NX_KR 2022.pdf,KR 343,347,KLE 60.403 E5,
KLT 60.203,T-piece,fitting,KLT,KL,2022-p0,1,pcs,pcs,,60,200,,steel,S,,,,,,,false,false,true,KAT_NX_KR 2022.pdf,KR 344,348,KLT 60.203,
KLT 60.303,T-piece,fitting,KLT,KL,2022-p0,1,pcs,pcs,,60,300,,steel,S,,,,,,,false,false,true,KAT_NX_KR 2022.pdf,KR 344,348,KLT 60.303,
KLT 60.403,T-piece,fitting,KLT,KL,2022-p0,1,pcs,pcs,,60,400,,steel,S,,,,,,,false,false,true,KAT_NX_KR 2022.pdf,KR 344,348,KLT 60.403,
KLT 60.503,T-piece,fitting,KLT,KL,2022-p0,1,pcs,pcs,,60,500,,steel,S,,,,,,,false,false,true,KAT_NX_KR 2022.pdf,KR 344,348,KLT 60.503,
KLT 60.603,T-piece,fitting,KLT,KL,2022-p0,1,pcs,pcs,,60,600,,steel,S,,,,,,,false,false,true,KAT_NX_KR 2022.pdf,KR 344,348,KLT 60.603,
KLT 60.203 F,T-piece,fitting,KLT,KL,2022-p0,1,pcs,pcs,,60,200,,steel,F,,,,,,,false,false,true,KAT_NX_KR 2022.pdf,KR 344,348,KLT 60.203 F,
KLT 60.303 F,T-piece,fitting,KLT,KL,2022-p0,1,pcs,pcs,,60,300,,steel,F,,,,,,,false,false,true,KAT_NX_KR 2022.pdf,KR 344,348,KLT 60.303 F,
KLT 60.403 F,T-piece,fitting,KLT,KL,2022-p0,1,pcs,pcs,,60,400,,steel,F,,,,,,,false,false,true,KAT_NX_KR 2022.pdf,KR 344,348,KLT 60.403 F,
KLT 60.503 F,T-piece,fitting,KLT,KL,2022-p0,1,pcs,pcs,,60,500,,steel,F,,,,,,,false,false,true,KAT_NX_KR 2022.pdf,KR 344,348,KLT 60.503 F,
KLT 60.603 F,T-piece,fitting,KLT,KL,2022-p0,1,pcs,pcs,,60,600,,steel,F,,,,,,,false,false,true,KAT_NX_KR 2022.pdf,KR 344,348,KLT 60.603 F,
KLT 60.203 E3,T-piece,fitting,KLT,KL,2022-p0,1,pcs,pcs,,60,200,,stainless_1.4301_1.4303,E3,,,,,,,false,false,true,KAT_NX_KR 2022.pdf,KR 344,348,KLT 60.203 E3,
KLT 60.303 E3,T-piece,fitting,KLT,KL,2022-p0,1,pcs,pcs,,60,300,,stainless_1.4301_1.4303,E3,,,,,,,false,false,true,KAT_NX_KR 2022.pdf,KR 344,348,KLT 60.303 E3,
KLT 60.403 E3,T-piece,fitting,KLT,KL,2022-p0,1,pcs,pcs,,60,400,,stainless_1.4301_1.4303,E3,,,,,,,false,false,true,KAT_NX_KR 2022.pdf,KR 344,348,KLT 60.403 E3,
KLT 60.503 E3,T-piece,fitting,KLT,KL,2022-p0,1,pcs,pcs,,60,500,,stainless_1.4301_1.4303,E3,,,,,,,false,false,true,KAT_NX_KR 2022.pdf,KR 344,348,KLT 60.503 E3,
KLT 60.603 E3,T-piece,fitting,KLT,KL,2022-p0,1,pcs,pcs,,60,600,,stainless_1.4301_1.4303,E3,,,,,,,false,false,true,KAT_NX_KR 2022.pdf,KR 344,348,KLT 60.603 E3,
KLK 60.203,Crossing,fitting,KLK,KL,2022-p0,1,pcs,pcs,,60,200,,steel,S,,,,,,,false,false,true,KAT_NX_KR 2022.pdf,KR 344,348,KLK 60.203,
KLK 60.303,Crossing,fitting,KLK,KL,2022-p0,1,pcs,pcs,,60,300,,steel,S,,,,,,,false,false,true,KAT_NX_KR 2022.pdf,KR 344,348,KLK 60.303,
KLK 60.403,Crossing,fitting,KLK,KL,2022-p0,1,pcs,pcs,,60,400,,steel,S,,,,,,,false,false,true,KAT_NX_KR 2022.pdf,KR 344,348,KLK 60.403,
KLK 60.503,Crossing,fitting,KLK,KL,2022-p0,1,pcs,pcs,,60,500,,steel,S,,,,,,,false,false,true,KAT_NX_KR 2022.pdf,KR 344,348,KLK 60.503,
KLK 60.603,Crossing,fitting,KLK,KL,2022-p0,1,pcs,pcs,,60,600,,steel,S,,,,,,,false,false,true,KAT_NX_KR 2022.pdf,KR 344,348,KLK 60.603,
KLK 60.203 F,Crossing,fitting,KLK,KL,2022-p0,1,pcs,pcs,,60,200,,steel,F,,,,,,,false,false,true,KAT_NX_KR 2022.pdf,KR 344,348,KLK 60.203 F,
KLK 60.303 F,Crossing,fitting,KLK,KL,2022-p0,1,pcs,pcs,,60,300,,steel,F,,,,,,,false,false,true,KAT_NX_KR 2022.pdf,KR 344,348,KLK 60.303 F,
KLK 60.403 F,Crossing,fitting,KLK,KL,2022-p0,1,pcs,pcs,,60,400,,steel,F,,,,,,,false,false,true,KAT_NX_KR 2022.pdf,KR 344,348,KLK 60.403 F,
KLK 60.503 F,Crossing,fitting,KLK,KL,2022-p0,1,pcs,pcs,,60,500,,steel,F,,,,,,,false,false,true,KAT_NX_KR 2022.pdf,KR 344,348,KLK 60.503 F,
KLK 60.603 F,Crossing,fitting,KLK,KL,2022-p0,1,pcs,pcs,,60,600,,steel,F,,,,,,,false,false,true,KAT_NX_KR 2022.pdf,KR 344,348,KLK 60.603 F,
KLK 60.203 E3,Crossing,fitting,KLK,KL,2022-p0,1,pcs,pcs,,60,200,,stainless_1.4301_1.4303,E3,,,,,,,false,false,true,KAT_NX_KR 2022.pdf,KR 344,348,KLK 60.203 E3,
KLK 60.303 E3,Crossing,fitting,KLK,KL,2022-p0,1,pcs,pcs,,60,300,,stainless_1.4301_1.4303,E3,,,,,,,false,false,true,KAT_NX_KR 2022.pdf,KR 344,348,KLK 60.303 E3,
KLK 60.403 E3,Crossing,fitting,KLK,KL,2022-p0,1,pcs,pcs,,60,400,,stainless_1.4301_1.4303,E3,,,,,,,false,false,true,KAT_NX_KR 2022.pdf,KR 344,348,KLK 60.403 E3,
KLK 60.503 E3,Crossing,fitting,KLK,KL,2022-p0,1,pcs,pcs,,60,500,,stainless_1.4301_1.4303,E3,,,,,,,false,false,true,KAT_NX_KR 2022.pdf,KR 344,348,KLK 60.503 E3,
KLK 60.603 E3,Crossing,fitting,KLK,KL,2022-p0,1,pcs,pcs,,60,600,,stainless_1.4301_1.4303,E3,,,,,,,false,false,true,KAT_NX_KR 2022.pdf,KR 344,348,KLK 60.603 E3,
KLBK 60.203,Small 90-degree bend,fitting,KLBK,KL,2022-p0,1,pcs,pcs,,60,200,,steel,S,,,,,,,false,false,true,KAT_NX_KR 2022.pdf,KR 345,349,KLBK 60.203,
KLBK 60.303,Small 90-degree bend,fitting,KLBK,KL,2022-p0,1,pcs,pcs,,60,300,,steel,S,,,,,,,false,false,true,KAT_NX_KR 2022.pdf,KR 345,349,KLBK 60.303,
KLBK 60.403,Small 90-degree bend,fitting,KLBK,KL,2022-p0,1,pcs,pcs,,60,400,,steel,S,,,,,,,false,false,true,KAT_NX_KR 2022.pdf,KR 345,349,KLBK 60.403,
KLBK 60.503,Small 90-degree bend,fitting,KLBK,KL,2022-p0,1,pcs,pcs,,60,500,,steel,S,,,,,,,false,false,true,KAT_NX_KR 2022.pdf,KR 345,349,KLBK 60.503,
KLBK 60.603,Small 90-degree bend,fitting,KLBK,KL,2022-p0,1,pcs,pcs,,60,600,,steel,S,,,,,,,false,false,true,KAT_NX_KR 2022.pdf,KR 345,349,KLBK 60.603,
KLBK 60.203 F,Small 90-degree bend,fitting,KLBK,KL,2022-p0,1,pcs,pcs,,60,200,,steel,F,,,,,,,false,false,true,KAT_NX_KR 2022.pdf,KR 345,349,KLBK 60.203 F,
KLBK 60.303 F,Small 90-degree bend,fitting,KLBK,KL,2022-p0,1,pcs,pcs,,60,300,,steel,F,,,,,,,false,false,true,KAT_NX_KR 2022.pdf,KR 345,349,KLBK 60.303 F,
KLBK 60.403 F,Small 90-degree bend,fitting,KLBK,KL,2022-p0,1,pcs,pcs,,60,400,,steel,F,,,,,,,false,false,true,KAT_NX_KR 2022.pdf,KR 345,349,KLBK 60.403 F,
KLBK 60.503 F,Small 90-degree bend,fitting,KLBK,KL,2022-p0,1,pcs,pcs,,60,500,,steel,F,,,,,,,false,false,true,KAT_NX_KR 2022.pdf,KR 345,349,KLBK 60.503 F,
KLBK 60.603 F,Small 90-degree bend,fitting,KLBK,KL,2022-p0,1,pcs,pcs,,60,600,,steel,F,,,,,,,false,false,true,KAT_NX_KR 2022.pdf,KR 345,349,KLBK 60.603 F,
KLBK 60.203 E3,Small 90-degree bend,fitting,KLBK,KL,2022-p0,1,pcs,pcs,,60,200,,stainless_1.4301_1.4303,E3,,,,,,,false,false,true,KAT_NX_KR 2022.pdf,KR 345,349,KLBK 60.203 E3,
KLBK 60.303 E3,Small 90-degree bend,fitting,KLBK,KL,2022-p0,1,pcs,pcs,,60,300,,stainless_1.4301_1.4303,E3,,,,,,,false,false,true,KAT_NX_KR 2022.pdf,KR 345,349,KLBK 60.303 E3,
KLBK 60.403 E3,Small 90-degree bend,fitting,KLBK,KL,2022-p0,1,pcs,pcs,,60,400,,stainless_1.4301_1.4303,E3,,,,,,,false,false,true,KAT_NX_KR 2022.pdf,KR 345,349,KLBK 60.403 E3,
KLBK 60.503 E3,Small 90-degree bend,fitting,KLBK,KL,2022-p0,1,pcs,pcs,,60,500,,stainless_1.4301_1.4303,E3,,,,,,,false,false,true,KAT_NX_KR 2022.pdf,KR 345,349,KLBK 60.503 E3,
KLBK 60.603 E3,Small 90-degree bend,fitting,KLBK,KL,2022-p0,1,pcs,pcs,,60,600,,stainless_1.4301_1.4303,E3,,,,,,,false,false,true,KAT_NX_KR 2022.pdf,KR 345,349,KLBK 60.603 E3,
KLBG 60.203,Large 90-degree bend,fitting,KLBG,KL,2022-p0,1,pcs,pcs,,60,200,,steel,S,,,,,,,false,false,true,KAT_NX_KR 2022.pdf,KR 345,349,KLBG 60.203,
KLBG 60.303,Large 90-degree bend,fitting,KLBG,KL,2022-p0,1,pcs,pcs,,60,300,,steel,S,,,,,,,false,false,true,KAT_NX_KR 2022.pdf,KR 345,349,KLBG 60.303,
KLBG 60.403,Large 90-degree bend,fitting,KLBG,KL,2022-p0,1,pcs,pcs,,60,400,,steel,S,,,,,,,false,false,true,KAT_NX_KR 2022.pdf,KR 345,349,KLBG 60.403,
KLBG 60.503,Large 90-degree bend,fitting,KLBG,KL,2022-p0,1,pcs,pcs,,60,500,,steel,S,,,,,,,false,false,true,KAT_NX_KR 2022.pdf,KR 345,349,KLBG 60.503,
KLBG 60.603,Large 90-degree bend,fitting,KLBG,KL,2022-p0,1,pcs,pcs,,60,600,,steel,S,,,,,,,false,false,true,KAT_NX_KR 2022.pdf,KR 345,349,KLBG 60.603,
KLBG 60.203 F,Large 90-degree bend,fitting,KLBG,KL,2022-p0,1,pcs,pcs,,60,200,,steel,F,,,,,,,false,false,true,KAT_NX_KR 2022.pdf,KR 345,349,KLBG 60.203 F,
KLBG 60.303 F,Large 90-degree bend,fitting,KLBG,KL,2022-p0,1,pcs,pcs,,60,300,,steel,F,,,,,,,false,false,true,KAT_NX_KR 2022.pdf,KR 345,349,KLBG 60.303 F,
KLBG 60.403 F,Large 90-degree bend,fitting,KLBG,KL,2022-p0,1,pcs,pcs,,60,400,,steel,F,,,,,,,false,false,true,KAT_NX_KR 2022.pdf,KR 345,349,KLBG 60.403 F,
KLBG 60.503 F,Large 90-degree bend,fitting,KLBG,KL,2022-p0,1,pcs,pcs,,60,500,,steel,F,,,,,,,false,false,true,KAT_NX_KR 2022.pdf,KR 345,349,KLBG 60.503 F,
KLBG 60.603 F,Large 90-degree bend,fitting,KLBG,KL,2022-p0,1,pcs,pcs,,60,600,,steel,F,,,,,,,false,false,true,KAT_NX_KR 2022.pdf,KR 345,349,KLBG 60.603 F,
KGS 60.203,Adjustable vertical bend,fitting,KGS,KL,2022-p0,1,pcs,pcs,,60,200,,steel,S,,,,,,,false,false,true,KAT_NX_KR 2022.pdf,KR 346,350,KGS 60.203,
KGS 60.303,Adjustable vertical bend,fitting,KGS,KL,2022-p0,1,pcs,pcs,,60,300,,steel,S,,,,,,,false,false,true,KAT_NX_KR 2022.pdf,KR 346,350,KGS 60.303,
KGS 60.403,Adjustable vertical bend,fitting,KGS,KL,2022-p0,1,pcs,pcs,,60,400,,steel,S,,,,,,,false,false,true,KAT_NX_KR 2022.pdf,KR 346,350,KGS 60.403,
KGS 60.503,Adjustable vertical bend,fitting,KGS,KL,2022-p0,1,pcs,pcs,,60,500,,steel,S,,,,,,,false,false,true,KAT_NX_KR 2022.pdf,KR 346,350,KGS 60.503,
KGS 60.603,Adjustable vertical bend,fitting,KGS,KL,2022-p0,1,pcs,pcs,,60,600,,steel,S,,,,,,,false,false,true,KAT_NX_KR 2022.pdf,KR 346,350,KGS 60.603,
KGS 60.203 F,Adjustable vertical bend,fitting,KGS,KL,2022-p0,1,pcs,pcs,,60,200,,steel,F,,,,,,,false,false,true,KAT_NX_KR 2022.pdf,KR 346,350,KGS 60.203 F,
KGS 60.303 F,Adjustable vertical bend,fitting,KGS,KL,2022-p0,1,pcs,pcs,,60,300,,steel,F,,,,,,,false,false,true,KAT_NX_KR 2022.pdf,KR 346,350,KGS 60.303 F,
KGS 60.403 F,Adjustable vertical bend,fitting,KGS,KL,2022-p0,1,pcs,pcs,,60,400,,steel,F,,,,,,,false,false,true,KAT_NX_KR 2022.pdf,KR 346,350,KGS 60.403 F,
KGS 60.503 F,Adjustable vertical bend,fitting,KGS,KL,2022-p0,1,pcs,pcs,,60,500,,steel,F,,,,,,,false,false,true,KAT_NX_KR 2022.pdf,KR 346,350,KGS 60.503 F,
KGS 60.603 F,Adjustable vertical bend,fitting,KGS,KL,2022-p0,1,pcs,pcs,,60,600,,steel,F,,,,,,,false,false,true,KAT_NX_KR 2022.pdf,KR 346,350,KGS 60.603 F,
KWV 60 S,Angle connector,accessory,KWV,KL,2022-p0,20,pcs,pcs,,60,,,steel,S,,,,,,,false,false,true,KAT_NX_KR 2022.pdf,KR 346,350,KWV 60 S,
KWV 60 F,Angle connector,accessory,KWV,KL,2022-p0,20,pcs,pcs,,60,,,steel,F,,,,,,,false,false,true,KAT_NX_KR 2022.pdf,KR 346,350,KWV 60 F,
KWV 60 E3,Angle connector,accessory,KWV,KL,2022-p0,20,pcs,pcs,,60,,,stainless_1.4301_1.4303,E3,,,,,,,false,false,true,KAT_NX_KR 2022.pdf,KR 346,350,KWV 60 E3,
KWV 60 E5,Angle connector,accessory,KWV,KL,2022-p0,20,pcs,pcs,,60,,,stainless_1.4571,E5,,,,,,,false,false,true,KAT_NX_KR 2022.pdf,KR 346,350,KWV 60 E5,
KGV 60 S,Articulated connector,accessory,KGV,KL,2022-p0,10,pcs,pcs,,60,,,steel,S,,,,,,,false,false,true,KAT_NX_KR 2022.pdf,KR 346,350,KGV 60 S,
KGV 60 F,Articulated connector,accessory,KGV,KL,2022-p0,10,pcs,pcs,,60,,,steel,F,,,,,,,false,false,true,KAT_NX_KR 2022.pdf,KR 346,350,KGV 60 F,
KGV 60 E3,Articulated connector,accessory,KGV,KL,2022-p0,10,pcs,pcs,,60,,,stainless_1.4301_1.4303,E3,,,,,,,false,false,true,KAT_NX_KR 2022.pdf,KR 346,350,KGV 60 E3,
KGV 60 E5,Articulated connector,accessory,KGV,KL,2022-p0,10,pcs,pcs,,60,,,stainless_1.4571,E5,,,,,,,false,false,true,KAT_NX_KR 2022.pdf,KR 346,350,KGV 60 E5,
KLAS 60,Cable-ladder connection piece,accessory,KLAS,KL,2022-p0,20,pcs,pcs,,60,,,steel,F,,,,,,,false,false,true,KAT_NX_KR 2022.pdf,KR 346,350,KLAS 60,
SKK 60,Protective cap pair,accessory,SKK,KL,2022-p0,10,pairs,pairs,,60,,,polyethylene,K03,,,,,,,false,false,true,KAT_NX_KR 2022.pdf,KR 347,351,SKK 60,
KLAB 200,Cable-ladder end outlet plate,accessory,KLAB,KL,2022-p0,1,pcs,pcs,,,200,,steel,S,,,,,,,false,false,true,KAT_NX_KR 2022.pdf,KR 355,359,KLAB 200,
KLAB 300,Cable-ladder end outlet plate,accessory,KLAB,KL,2022-p0,1,pcs,pcs,,,300,,steel,S,,,,,,,false,false,true,KAT_NX_KR 2022.pdf,KR 355,359,KLAB 300,
KLAB 400,Cable-ladder end outlet plate,accessory,KLAB,KL,2022-p0,1,pcs,pcs,,,400,,steel,S,,,,,,,false,false,true,KAT_NX_KR 2022.pdf,KR 355,359,KLAB 400,
KLAB 500,Cable-ladder end outlet plate,accessory,KLAB,KL,2022-p0,1,pcs,pcs,,,500,,steel,S,,,,,,,false,false,true,KAT_NX_KR 2022.pdf,KR 355,359,KLAB 500,
KLAB 600,Cable-ladder end outlet plate,accessory,KLAB,KL,2022-p0,1,pcs,pcs,,,600,,steel,S,,,,,,,false,false,true,KAT_NX_KR 2022.pdf,KR 355,359,KLAB 600,
KLAB 200 F,Cable-ladder end outlet plate,accessory,KLAB,KL,2022-p0,1,pcs,pcs,,,200,,steel,F,,,,,,,false,false,true,KAT_NX_KR 2022.pdf,KR 355,359,KLAB 200 F,
KLAB 300 F,Cable-ladder end outlet plate,accessory,KLAB,KL,2022-p0,1,pcs,pcs,,,300,,steel,F,,,,,,,false,false,true,KAT_NX_KR 2022.pdf,KR 355,359,KLAB 300 F,
KLAB 400 F,Cable-ladder end outlet plate,accessory,KLAB,KL,2022-p0,1,pcs,pcs,,,400,,steel,F,,,,,,,false,false,true,KAT_NX_KR 2022.pdf,KR 355,359,KLAB 400 F,
KLAB 500 F,Cable-ladder end outlet plate,accessory,KLAB,KL,2022-p0,1,pcs,pcs,,,500,,steel,F,,,,,,,false,false,true,KAT_NX_KR 2022.pdf,KR 355,359,KLAB 500 F,
KLAB 600 F,Cable-ladder end outlet plate,accessory,KLAB,KL,2022-p0,1,pcs,pcs,,,600,,steel,F,,,,,,,false,false,true,KAT_NX_KR 2022.pdf,KR 355,359,KLAB 600 F,
KLAB 200 E3,Cable-ladder end outlet plate,accessory,KLAB,KL,2022-p0,1,pcs,pcs,,,200,,stainless_1.4301_1.4303,E3,,,,,,,false,false,true,KAT_NX_KR 2022.pdf,KR 355,359,KLAB 200 E3,
KLAB 300 E3,Cable-ladder end outlet plate,accessory,KLAB,KL,2022-p0,1,pcs,pcs,,,300,,stainless_1.4301_1.4303,E3,,,,,,,false,false,true,KAT_NX_KR 2022.pdf,KR 355,359,KLAB 300 E3,
KLAB 400 E3,Cable-ladder end outlet plate,accessory,KLAB,KL,2022-p0,1,pcs,pcs,,,400,,stainless_1.4301_1.4303,E3,,,,,,,false,false,true,KAT_NX_KR 2022.pdf,KR 355,359,KLAB 400 E3,
KLAB 500 E3,Cable-ladder end outlet plate,accessory,KLAB,KL,2022-p0,1,pcs,pcs,,,500,,stainless_1.4301_1.4303,E3,,,,,,,false,false,true,KAT_NX_KR 2022.pdf,KR 355,359,KLAB 500 E3,
KLAB 600 E3,Cable-ladder end outlet plate,accessory,KLAB,KL,2022-p0,1,pcs,pcs,,,600,,stainless_1.4301_1.4303,E3,,,,,,,false,false,true,KAT_NX_KR 2022.pdf,KR 355,359,KLAB 600 E3,
KLTB 6,Cable-ladder fixing,wstb,KLTB,KL,2022-p0,50,pcs,pcs,,,,,steel,S,,,,,,,false,false,true,KAT_NX_KR 2022.pdf,KR 355,359,KLTB 6,
KLTB 6 F,Cable-ladder fixing,wstb,KLTB,KL,2022-p0,50,pcs,pcs,,,,,steel,F,,,,,,,false,false,true,KAT_NX_KR 2022.pdf,KR 355,359,KLTB 6 F,
KLTB 6 E3,Cable-ladder fixing,wstb,KLTB,KL,2022-p0,50,pcs,pcs,,,,,stainless_1.4301_1.4303,E3,,,,,,,false,false,true,KAT_NX_KR 2022.pdf,KR 355,359,KLTB 6 E3,
KLTB 6 E5,Cable-ladder fixing,wstb,KLTB,KL,2022-p0,50,pcs,pcs,,,,,stainless_1.4571,E5,,,,,,,false,false,true,KAT_NX_KR 2022.pdf,KR 355,359,KLTB 6 E5,
WWU 150/8,Equal wall connection angle,support,WWU,KL_WSL,2022-p0,50,pcs,pcs,,,,,steel,F,,,,,,,false,false,true,KAT_NX_KR 2022.pdf,KR 355,359,WWU 150/8,
WWU 150/8 E3,Equal wall connection angle,support,WWU,KL_WSL,2022-p0,50,pcs,pcs,,,,,stainless_1.4301_1.4303,E3,,,,,,,false,false,true,KAT_NX_KR 2022.pdf,KR 355,359,WWU 150/8 E3,
WWU 150/8 E5,Equal wall connection angle,support,WWU,KL_WSL,2022-p0,50,pcs,pcs,,,,,stainless_1.4571,E5,,,,,,,false,false,true,KAT_NX_KR 2022.pdf,KR 355,359,WWU 150/8 E5,
WWA 100,Asymmetric wall connection angle,support,WWA,KL_WSL,2022-p0,50,pcs,pcs,,,,,steel,F,,,,,,,false,false,true,KAT_NX_KR 2022.pdf,KR 356,360,WWA 100,
WWA 100 E3,Asymmetric wall connection angle,support,WWA,KL_WSL,2022-p0,50,pcs,pcs,,,,,stainless_1.4301_1.4303,E3,,,,,,,false,false,true,KAT_NX_KR 2022.pdf,KR 356,360,WWA 100 E3,
WTK 150 S,Wide-span beam clamp,support,WTK,KL_WSL,2022-p0,20,pcs,pcs,,,,,steel,S,,,,,,,false,false,true,KAT_NX_KR 2022.pdf,KR 356,360,WTK 150 S,
WTK 150 F,Wide-span beam clamp,support,WTK,KL_WSL,2022-p0,20,pcs,pcs,,,,,steel,F,,,,,,,false,false,true,KAT_NX_KR 2022.pdf,KR 356,360,WTK 150 F,
WSV 105.390,Wide-span straight-joint connector,accessory,WSV,WSL,2022-p0,10,pcs,pcs,,105,,,steel,S,,,,,,,false,false,true,KAT_NX_KR 2022.pdf,KR 426,430,WSV 105.390,
WSV 105.390 F,Wide-span straight-joint connector,accessory,WSV,WSL,2022-p0,10,pcs,pcs,,105,,,steel,F,,,,,,,false,false,true,KAT_NX_KR 2022.pdf,KR 426,430,WSV 105.390 F,
WSV 105.390 E3,Wide-span straight-joint connector,accessory,WSV,WSL,2022-p0,10,pcs,pcs,,105,,,stainless_1.4301_1.4303,E3,,,,,,,false,false,true,KAT_NX_KR 2022.pdf,KR 426,430,WSV 105.390 E3,
WSGV 105,Vertical articulated connector,accessory,WSGV,WSL,2022-p0,1,pcs,pcs,,105,,,steel,S,,,,,,,false,false,true,KAT_NX_KR 2022.pdf,KR 426,430,WSGV 105,
WSGV 105 F,Vertical articulated connector,accessory,WSGV,WSL,2022-p0,1,pcs,pcs,,105,,,steel,F,,,,,,,false,false,true,KAT_NX_KR 2022.pdf,KR 426,430,WSGV 105 F,
WSGV 105 E3,Vertical articulated connector,accessory,WSGV,WSL,2022-p0,1,pcs,pcs,,105,,,stainless_1.4301_1.4303,E3,,,,,,,false,false,true,KAT_NX_KR 2022.pdf,KR 426,430,WSGV 105 E3,
WSWV 105.390,Horizontal angle connector,accessory,WSWV,WSL,2022-p0,10,pcs,pcs,,105,,,steel,S,,,,,,,false,false,true,KAT_NX_KR 2022.pdf,KR 427,431,WSWV 105.390,
WSWV 105.390 F,Horizontal angle connector,accessory,WSWV,WSL,2022-p0,10,pcs,pcs,,105,,,steel,F,,,,,,,false,false,true,KAT_NX_KR 2022.pdf,KR 427,431,WSWV 105.390 F,
WSWV 105.390 E3,Horizontal angle connector,accessory,WSWV,WSL,2022-p0,10,pcs,pcs,,105,,,stainless_1.4301_1.4303,E3,,,,,,,false,false,true,KAT_NX_KR 2022.pdf,KR 427,431,WSWV 105.390 E3,
WSTAR 105.200,Attachable T-piece with integrated connector,fitting,WSTAR,WSL,2022-p0,1,pcs,pcs,,105,200,,steel,S,,,,,,,false,false,true,KAT_NX_KR 2022.pdf,KR 428,432,WSTAR 105.200,
WSTAR 105.300,Attachable T-piece with integrated connector,fitting,WSTAR,WSL,2022-p0,1,pcs,pcs,,105,300,,steel,S,,,,,,,false,false,true,KAT_NX_KR 2022.pdf,KR 428,432,WSTAR 105.300,
WSTAR 105.400,Attachable T-piece with integrated connector,fitting,WSTAR,WSL,2022-p0,1,pcs,pcs,,105,400,,steel,S,,,,,,,false,false,true,KAT_NX_KR 2022.pdf,KR 428,432,WSTAR 105.400,
WSTAR 105.500,Attachable T-piece with integrated connector,fitting,WSTAR,WSL,2022-p0,1,pcs,pcs,,105,500,,steel,S,,,,,,,false,false,true,KAT_NX_KR 2022.pdf,KR 428,432,WSTAR 105.500,
WSTAR 105.600,Attachable T-piece with integrated connector,fitting,WSTAR,WSL,2022-p0,1,pcs,pcs,,105,600,,steel,S,,,,,,,false,false,true,KAT_NX_KR 2022.pdf,KR 428,432,WSTAR 105.600,
WSTAR 105.200 F,Attachable T-piece with integrated connector,fitting,WSTAR,WSL,2022-p0,1,pcs,pcs,,105,200,,steel,F,,,,,,,false,false,true,KAT_NX_KR 2022.pdf,KR 428,432,WSTAR 105.200 F,
WSTAR 105.300 F,Attachable T-piece with integrated connector,fitting,WSTAR,WSL,2022-p0,1,pcs,pcs,,105,300,,steel,F,,,,,,,false,false,true,KAT_NX_KR 2022.pdf,KR 428,432,WSTAR 105.300 F,
WSTAR 105.400 F,Attachable T-piece with integrated connector,fitting,WSTAR,WSL,2022-p0,1,pcs,pcs,,105,400,,steel,F,,,,,,,false,false,true,KAT_NX_KR 2022.pdf,KR 428,432,WSTAR 105.400 F,
WSTAR 105.500 F,Attachable T-piece with integrated connector,fitting,WSTAR,WSL,2022-p0,1,pcs,pcs,,105,500,,steel,F,,,,,,,false,false,true,KAT_NX_KR 2022.pdf,KR 428,432,WSTAR 105.500 F,
WSTAR 105.600 F,Attachable T-piece with integrated connector,fitting,WSTAR,WSL,2022-p0,1,pcs,pcs,,105,600,,steel,F,,,,,,,false,false,true,KAT_NX_KR 2022.pdf,KR 428,432,WSTAR 105.600 F,
WSTAR 105.200 E3,Attachable T-piece with integrated connector,fitting,WSTAR,WSL,2022-p0,1,pcs,pcs,,105,200,,stainless_1.4301_1.4303,E3,,,,,,,false,false,true,KAT_NX_KR 2022.pdf,KR 428,432,WSTAR 105.200 E3,
WSTAR 105.300 E3,Attachable T-piece with integrated connector,fitting,WSTAR,WSL,2022-p0,1,pcs,pcs,,105,300,,stainless_1.4301_1.4303,E3,,,,,,,false,false,true,KAT_NX_KR 2022.pdf,KR 428,432,WSTAR 105.300 E3,
WSTAR 105.400 E3,Attachable T-piece with integrated connector,fitting,WSTAR,WSL,2022-p0,1,pcs,pcs,,105,400,,stainless_1.4301_1.4303,E3,,,,,,,false,false,true,KAT_NX_KR 2022.pdf,KR 428,432,WSTAR 105.400 E3,
WSTAR 105.500 E3,Attachable T-piece with integrated connector,fitting,WSTAR,WSL,2022-p0,1,pcs,pcs,,105,500,,stainless_1.4301_1.4303,E3,,,,,,,false,false,true,KAT_NX_KR 2022.pdf,KR 428,432,WSTAR 105.500 E3,
WSTAR 105.600 E3,Attachable T-piece with integrated connector,fitting,WSTAR,WSL,2022-p0,1,pcs,pcs,,105,600,,stainless_1.4301_1.4303,E3,,,,,,,false,false,true,KAT_NX_KR 2022.pdf,KR 428,432,WSTAR 105.600 E3,
WAER 105,Corner attachment piece,accessory,WAER,WSL,2022-p0,1,pcs,pcs,,105,,,steel,S,,,,,,,false,false,true,KAT_NX_KR 2022.pdf,KR 428,432,WAER 105,
WAER 105 F,Corner attachment piece,accessory,WAER,WSL,2022-p0,1,pcs,pcs,,105,,,steel,F,,,,,,,false,false,true,KAT_NX_KR 2022.pdf,KR 428,432,WAER 105 F,
WAER 105 E3,Corner attachment piece,accessory,WAER,WSL,2022-p0,1,pcs,pcs,,105,,,stainless_1.4301_1.4303,E3,,,,,,,false,false,true,KAT_NX_KR 2022.pdf,KR 428,432,WAER 105 E3,
WSBR 105.200,Wide-span 90-degree bend,fitting,WSBR,WSL,2022-p0,1,pcs,pcs,,105,200,,steel,S,,,,,,,false,false,true,KAT_NX_KR 2022.pdf,KR 429,433,WSBR 105.200,
WSBR 105.300,Wide-span 90-degree bend,fitting,WSBR,WSL,2022-p0,1,pcs,pcs,,105,300,,steel,S,,,,,,,false,false,true,KAT_NX_KR 2022.pdf,KR 429,433,WSBR 105.300,
WSBR 105.400,Wide-span 90-degree bend,fitting,WSBR,WSL,2022-p0,1,pcs,pcs,,105,400,,steel,S,,,,,,,false,false,true,KAT_NX_KR 2022.pdf,KR 429,433,WSBR 105.400,
WSBR 105.500,Wide-span 90-degree bend,fitting,WSBR,WSL,2022-p0,1,pcs,pcs,,105,500,,steel,S,,,,,,,false,false,true,KAT_NX_KR 2022.pdf,KR 429,433,WSBR 105.500,
WSBR 105.600,Wide-span 90-degree bend,fitting,WSBR,WSL,2022-p0,1,pcs,pcs,,105,600,,steel,S,,,,,,,false,false,true,KAT_NX_KR 2022.pdf,KR 429,433,WSBR 105.600,
WSBR 105.200 F,Wide-span 90-degree bend,fitting,WSBR,WSL,2022-p0,1,pcs,pcs,,105,200,,steel,F,,,,,,,false,false,true,KAT_NX_KR 2022.pdf,KR 429,433,WSBR 105.200 F,
WSBR 105.300 F,Wide-span 90-degree bend,fitting,WSBR,WSL,2022-p0,1,pcs,pcs,,105,300,,steel,F,,,,,,,false,false,true,KAT_NX_KR 2022.pdf,KR 429,433,WSBR 105.300 F,
WSBR 105.400 F,Wide-span 90-degree bend,fitting,WSBR,WSL,2022-p0,1,pcs,pcs,,105,400,,steel,F,,,,,,,false,false,true,KAT_NX_KR 2022.pdf,KR 429,433,WSBR 105.400 F,
WSBR 105.500 F,Wide-span 90-degree bend,fitting,WSBR,WSL,2022-p0,1,pcs,pcs,,105,500,,steel,F,,,,,,,false,false,true,KAT_NX_KR 2022.pdf,KR 429,433,WSBR 105.500 F,
WSBR 105.600 F,Wide-span 90-degree bend,fitting,WSBR,WSL,2022-p0,1,pcs,pcs,,105,600,,steel,F,,,,,,,false,false,true,KAT_NX_KR 2022.pdf,KR 429,433,WSBR 105.600 F,
WSBR 105.200 E3,Wide-span 90-degree bend,fitting,WSBR,WSL,2022-p0,1,pcs,pcs,,105,200,,stainless_1.4301_1.4303,E3,,,,,,,false,false,true,KAT_NX_KR 2022.pdf,KR 429,433,WSBR 105.200 E3,
WSBR 105.300 E3,Wide-span 90-degree bend,fitting,WSBR,WSL,2022-p0,1,pcs,pcs,,105,300,,stainless_1.4301_1.4303,E3,,,,,,,false,false,true,KAT_NX_KR 2022.pdf,KR 429,433,WSBR 105.300 E3,
WSBR 105.400 E3,Wide-span 90-degree bend,fitting,WSBR,WSL,2022-p0,1,pcs,pcs,,105,400,,stainless_1.4301_1.4303,E3,,,,,,,false,false,true,KAT_NX_KR 2022.pdf,KR 429,433,WSBR 105.400 E3,
WSBR 105.500 E3,Wide-span 90-degree bend,fitting,WSBR,WSL,2022-p0,1,pcs,pcs,,105,500,,stainless_1.4301_1.4303,E3,,,,,,,false,false,true,KAT_NX_KR 2022.pdf,KR 429,433,WSBR 105.500 E3,
WSBR 105.600 E3,Wide-span 90-degree bend,fitting,WSBR,WSL,2022-p0,1,pcs,pcs,,105,600,,stainless_1.4301_1.4303,E3,,,,,,,false,false,true,KAT_NX_KR 2022.pdf,KR 429,433,WSBR 105.600 E3,
WSTR 105.200,Wide-span T-piece,fitting,WSTR,WSL,2022-p0,1,pcs,pcs,,105,200,,steel,S,,,,,,,false,false,true,KAT_NX_KR 2022.pdf,KR 429,433,WSTR 105.200,
WSTR 105.300,Wide-span T-piece,fitting,WSTR,WSL,2022-p0,1,pcs,pcs,,105,300,,steel,S,,,,,,,false,false,true,KAT_NX_KR 2022.pdf,KR 429,433,WSTR 105.300,
WSTR 105.400,Wide-span T-piece,fitting,WSTR,WSL,2022-p0,1,pcs,pcs,,105,400,,steel,S,,,,,,,false,false,true,KAT_NX_KR 2022.pdf,KR 429,433,WSTR 105.400,
WSTR 105.500,Wide-span T-piece,fitting,WSTR,WSL,2022-p0,1,pcs,pcs,,105,500,,steel,S,,,,,,,false,false,true,KAT_NX_KR 2022.pdf,KR 429,433,WSTR 105.500,
WSTR 105.600,Wide-span T-piece,fitting,WSTR,WSL,2022-p0,1,pcs,pcs,,105,600,,steel,S,,,,,,,false,false,true,KAT_NX_KR 2022.pdf,KR 429,433,WSTR 105.600,
WSTR 105.200 F,Wide-span T-piece,fitting,WSTR,WSL,2022-p0,1,pcs,pcs,,105,200,,steel,F,,,,,,,false,false,true,KAT_NX_KR 2022.pdf,KR 429,433,WSTR 105.200 F,
WSTR 105.300 F,Wide-span T-piece,fitting,WSTR,WSL,2022-p0,1,pcs,pcs,,105,300,,steel,F,,,,,,,false,false,true,KAT_NX_KR 2022.pdf,KR 429,433,WSTR 105.300 F,
WSTR 105.400 F,Wide-span T-piece,fitting,WSTR,WSL,2022-p0,1,pcs,pcs,,105,400,,steel,F,,,,,,,false,false,true,KAT_NX_KR 2022.pdf,KR 429,433,WSTR 105.400 F,
WSTR 105.500 F,Wide-span T-piece,fitting,WSTR,WSL,2022-p0,1,pcs,pcs,,105,500,,steel,F,,,,,,,false,false,true,KAT_NX_KR 2022.pdf,KR 429,433,WSTR 105.500 F,
WSTR 105.600 F,Wide-span T-piece,fitting,WSTR,WSL,2022-p0,1,pcs,pcs,,105,600,,steel,F,,,,,,,false,false,true,KAT_NX_KR 2022.pdf,KR 429,433,WSTR 105.600 F,
WSTR 105.200 E3,Wide-span T-piece,fitting,WSTR,WSL,2022-p0,1,pcs,pcs,,105,200,,stainless_1.4301_1.4303,E3,,,,,,,false,false,true,KAT_NX_KR 2022.pdf,KR 429,433,WSTR 105.200 E3,
WSTR 105.300 E3,Wide-span T-piece,fitting,WSTR,WSL,2022-p0,1,pcs,pcs,,105,300,,stainless_1.4301_1.4303,E3,,,,,,,false,false,true,KAT_NX_KR 2022.pdf,KR 429,433,WSTR 105.300 E3,
WSTR 105.400 E3,Wide-span T-piece,fitting,WSTR,WSL,2022-p0,1,pcs,pcs,,105,400,,stainless_1.4301_1.4303,E3,,,,,,,false,false,true,KAT_NX_KR 2022.pdf,KR 429,433,WSTR 105.400 E3,
WSTR 105.500 E3,Wide-span T-piece,fitting,WSTR,WSL,2022-p0,1,pcs,pcs,,105,500,,stainless_1.4301_1.4303,E3,,,,,,,false,false,true,KAT_NX_KR 2022.pdf,KR 429,433,WSTR 105.500 E3,
WSTR 105.600 E3,Wide-span T-piece,fitting,WSTR,WSL,2022-p0,1,pcs,pcs,,105,600,,stainless_1.4301_1.4303,E3,,,,,,,false,false,true,KAT_NX_KR 2022.pdf,KR 429,433,WSTR 105.600 E3,
SKWHM 105,Protective end-cap pair,accessory,SKWHM,WSL,2022-p0,10,pairs,pairs,,105,,,polyethylene,K10,,,,,,,false,false,true,KAT_NX_KR 2022.pdf,KR 429,433,SKWHM 105,
WBL 200,Perforated insert plate,accessory,WBL,WSL,2022-p0,3,m,m,,,200,,steel,S,,,,,,,false,false,true,KAT_NX_KR 2022.pdf,KR 448,452,WBL 200,
WBL 300,Perforated insert plate,accessory,WBL,WSL,2022-p0,3,m,m,,,300,,steel,S,,,,,,,false,false,true,KAT_NX_KR 2022.pdf,KR 448,452,WBL 300,
WBL 400,Perforated insert plate,accessory,WBL,WSL,2022-p0,3,m,m,,,400,,steel,S,,,,,,,false,false,true,KAT_NX_KR 2022.pdf,KR 448,452,WBL 400,
WBL 500,Perforated insert plate,accessory,WBL,WSL,2022-p0,3,m,m,,,500,,steel,S,,,,,,,false,false,true,KAT_NX_KR 2022.pdf,KR 448,452,WBL 500,
WBL 600,Perforated insert plate,accessory,WBL,WSL,2022-p0,3,m,m,,,600,,steel,S,,,,,,,false,false,true,KAT_NX_KR 2022.pdf,KR 448,452,WBL 600,
WLAB 200,Wide-span ladder end outlet plate,accessory,WLAB,WSL,2022-p0,1,pcs,pcs,,,200,,steel,S,,,,,,,false,false,true,KAT_NX_KR 2022.pdf,KR 448,452,WLAB 200,
WLAB 300,Wide-span ladder end outlet plate,accessory,WLAB,WSL,2022-p0,1,pcs,pcs,,,300,,steel,S,,,,,,,false,false,true,KAT_NX_KR 2022.pdf,KR 448,452,WLAB 300,
WLAB 400,Wide-span ladder end outlet plate,accessory,WLAB,WSL,2022-p0,1,pcs,pcs,,,400,,steel,S,,,,,,,false,false,true,KAT_NX_KR 2022.pdf,KR 448,452,WLAB 400,
WLAB 500,Wide-span ladder end outlet plate,accessory,WLAB,WSL,2022-p0,1,pcs,pcs,,,500,,steel,S,,,,,,,false,false,true,KAT_NX_KR 2022.pdf,KR 448,452,WLAB 500,
WLAB 600,Wide-span ladder end outlet plate,accessory,WLAB,WSL,2022-p0,1,pcs,pcs,,,600,,steel,S,,,,,,,false,false,true,KAT_NX_KR 2022.pdf,KR 448,452,WLAB 600,
WLAB 200 F,Wide-span ladder end outlet plate,accessory,WLAB,WSL,2022-p0,1,pcs,pcs,,,200,,steel,F,,,,,,,false,false,true,KAT_NX_KR 2022.pdf,KR 448,452,WLAB 200 F,
WLAB 300 F,Wide-span ladder end outlet plate,accessory,WLAB,WSL,2022-p0,1,pcs,pcs,,,300,,steel,F,,,,,,,false,false,true,KAT_NX_KR 2022.pdf,KR 448,452,WLAB 300 F,
WLAB 400 F,Wide-span ladder end outlet plate,accessory,WLAB,WSL,2022-p0,1,pcs,pcs,,,400,,steel,F,,,,,,,false,false,true,KAT_NX_KR 2022.pdf,KR 448,452,WLAB 400 F,
WLAB 500 F,Wide-span ladder end outlet plate,accessory,WLAB,WSL,2022-p0,1,pcs,pcs,,,500,,steel,F,,,,,,,false,false,true,KAT_NX_KR 2022.pdf,KR 448,452,WLAB 500 F,
WLAB 600 F,Wide-span ladder end outlet plate,accessory,WLAB,WSL,2022-p0,1,pcs,pcs,,,600,,steel,F,,,,,,,false,false,true,KAT_NX_KR 2022.pdf,KR 448,452,WLAB 600 F,
WLAB 200 E3,Wide-span ladder end outlet plate,accessory,WLAB,WSL,2022-p0,1,pcs,pcs,,,200,,stainless_1.4301_1.4303,E3,,,,,,,false,false,true,KAT_NX_KR 2022.pdf,KR 448,452,WLAB 200 E3,
WLAB 300 E3,Wide-span ladder end outlet plate,accessory,WLAB,WSL,2022-p0,1,pcs,pcs,,,300,,stainless_1.4301_1.4303,E3,,,,,,,false,false,true,KAT_NX_KR 2022.pdf,KR 448,452,WLAB 300 E3,
WLAB 400 E3,Wide-span ladder end outlet plate,accessory,WLAB,WSL,2022-p0,1,pcs,pcs,,,400,,stainless_1.4301_1.4303,E3,,,,,,,false,false,true,KAT_NX_KR 2022.pdf,KR 448,452,WLAB 400 E3,
WLAB 500 E3,Wide-span ladder end outlet plate,accessory,WLAB,WSL,2022-p0,1,pcs,pcs,,,500,,stainless_1.4301_1.4303,E3,,,,,,,false,false,true,KAT_NX_KR 2022.pdf,KR 448,452,WLAB 500 E3,
WLAB 600 E3,Wide-span ladder end outlet plate,accessory,WLAB,WSL,2022-p0,1,pcs,pcs,,,600,,stainless_1.4301_1.4303,E3,,,,,,,false,false,true,KAT_NX_KR 2022.pdf,KR 448,452,WLAB 600 E3,
RMP 130,Mounting plate,support,RMP,WSL,2022-p0,10,pcs,pcs,,,,,steel,S,,,,,,,false,false,true,KAT_NX_KR 2022.pdf,KR 449,453,RMP 130,
RMP 130 F,Mounting plate,support,RMP,WSL,2022-p0,10,pcs,pcs,,,,,steel,F,,,,,,,false,false,true,KAT_NX_KR 2022.pdf,KR 449,453,RMP 130 F,
RMP 130 E3,Mounting plate,support,RMP,WSL,2022-p0,10,pcs,pcs,,,,,stainless_1.4301_1.4303,E3,,,,,,,false,false,true,KAT_NX_KR 2022.pdf,KR 449,453,RMP 130 E3,
WSTB 2,Wide-span cable-ladder fixing,wstb,WSTB,WSL,2022-p0,50,pcs,pcs,,,,,steel,F,,,,,,,false,false,true,KAT_NX_KR 2022.pdf,KR 449,453,WSTB 2,
WSTB 2 E3,Wide-span cable-ladder fixing,wstb,WSTB,WSL,2022-p0,50,pcs,pcs,,,,,stainless_1.4301_1.4303,E3,,,,,,,false,false,true,KAT_NX_KR 2022.pdf,KR 449,453,WSTB 2 E3,
